Phenotype,n_genes_union,n_genes_replicated
N.E,51,3
S,50,0
D.IMNTDK,49,6
N,46,9
Total,46,1
SGC,45,0
G,39,5
N.Total,39,4
I.IMNTDK,38,2
IMNTDK,38,2
N.D,38,6
H,37,12
W,37,0
M,35,2
N.IMNTDK,34,0
R.Total,34,10
S.Total,34,1
P,33,0
WFY,33,0
D,31,2
IVL,31,2
R.EHPRQ,31,7
C.Total,30,1
K.IMNTDK,30,3
L,30,2
I,28,1
K,28,0
F,27,0
Q,25,5
T,25,0
Q.EHPRQ,24,1
N.Q,22,0
Total_N,21,6
Y,21,0
E,20,0
EHPRQ,19,0
I.Total,19,1
V,19,0
M.IMNTDK,18,0
A,17,0
C.SGC,17,0
S.SGC,17,0
LAV,12,0
G.SGC,11,0
I.LAV,11,0
E.Total,10,0
I.IVL,9,0
Total_PBAA,9,2
Q.Total,8,3
Y.WFY,8,0
D.Total,7,2
M.Total,7,0
F.WFY,6,0
L.IVL,6,0
F.Total,5,0
W.Total,5,0
A.LAV,4,0
C,4,0
D.EHPRQ,4,0
H.Total,4,2
L.LAV,4,0
V.IVL,4,0
A.Total,3,1
K.Total,3,2
G.Total,2,0
T.IMNTDK,1,0
T.Total,1,1
W.WFY,1,0
Y.Total,1,0
