trait,pool,n_obs,n_taxa,n_year,reps_per_env,H2_line_mean,H2_Cullis,n_genotypes_h2,h2,h2_lo,h2_hi,h2_permuted_null,h2_reliable,ratio_h2_over_H2
K,FAA,1001,280,2,1.7893850042123,0.877195967861478,0.865491802597961,272,0.729024892086466,0.468035811110354,0.926046790564291,0.0307839000440935,TRUE,0.831085548493526
K/Total,FAA,1001,280,2,1.7893850042123,0.858756216385517,0.846011810257397,272,0.769893889824071,0.468669755627848,0.99299052535026,0.0306048066869624,TRUE,0.896522057289477
N,FAA,1001,280,2,1.7893850042123,0.828511779399765,0.814131451930089,272,0.684334051687761,0.419569603676263,0.920122414339352,0.0097128391696441,TRUE,0.825979869813732
D,FAA,1001,280,2,1.7893850042123,0.812275499430722,0.797095574200966,272,0.84308252603292,0.490078217402746,1,0.0075053483631487,TRUE,1.03792681993214
N/Total,FAA,1001,280,2,1.7893850042123,0.803824216156964,0.787834521459792,272,0.611763260216588,0.357125212295731,0.857833764319754,0.0316625130161502,TRUE,0.761065974276555
P,FAA,1001,280,2,1.7893850042123,0.79993889297812,0.784461134610886,272,0.398209396063249,0.109424896204436,0.75997651756231,0.0122288786588203,TRUE,0.497799768905774
M/Total,FAA,1001,280,2,1.7893850042123,0.796089028182659,0.781208951745379,272,0.455478912053203,0.210952507464825,0.753864090127468,0.0077218237745707,TRUE,0.572145697187897
S/Total,FAA,1001,280,2,1.7893850042123,0.793121075715495,0.777289911822433,272,0.280275241686627,0.142538126831558,0.45663250325958,0.0071089578949156,TRUE,0.35338266787802
S,FAA,1001,280,2,1.7893850042123,0.791745821018426,0.775874527518269,272,0.434632043807865,0.231762680187836,0.666204245935254,0.0159326323704622,TRUE,0.548954010579805
H,FAA,1001,280,2,1.7893850042123,0.789058157446897,0.774055874386119,272,0.686195228609565,0.372277218005954,0.938709455180193,0.0353421439680893,TRUE,0.869638343046653
W,FAA,1001,280,2,1.7893850042123,0.787982592318233,0.77381497815831,272,0.700194995474125,0.404590550646815,0.937489936763791,0.0153567952571945,TRUE,0.888591959137272
F,FAA,1001,280,2,1.7893850042123,0.781039990479655,0.767753536766427,272,0.431312479422936,0.181106735478769,0.747050207544571,0.0183154584571269,TRUE,0.552228419389969
R,FAA,1001,280,2,1.7893850042123,0.776339733125168,0.760848372294477,272,0.66105978627371,0.377175885955898,0.897125245760665,0.0270527092200235,TRUE,0.851508377154166
M,FAA,1001,280,2,1.7893850042123,0.775785647221725,0.760418617289435,272,0.457246810481703,0.186351978568094,0.807947972682089,0.0081750469811024,TRUE,0.589398388742063
W/Total,FAA,1001,280,2,1.7893850042123,0.774214759436843,0.759456529768974,272,0.82103631081441,0.354647176722317,1,0.0196728993180492,TRUE,1.06047618029347
R/Total,FAA,1001,280,2,1.7893850042123,0.747171061252764,0.730089072579004,272,0.780157608391835,0.496156649147272,1,0.0185869812450862,TRUE,1.04414858771934
P/Total,FAA,1001,280,2,1.7893850042123,0.732917062998035,0.715575758856562,272,0.220883922618131,0.0018872809457199,0.552390627951839,0.035653091404489,TRUE,0.301376422749109
L,FAA,1001,280,2,1.7893850042123,0.730389722721489,0.714668440308652,272,0.303416936389096,0.0954557833756689,0.680553935908832,0.0321079532463241,TRUE,0.415417861109191
E/Total,FAA,1001,280,2,1.7893850042123,0.716345493859883,0.699806433852633,272,0.485995630254808,0.253066757308578,0.730205237058054,0.0008914783429204,TRUE,0.678437478033286
L/Total,FAA,1001,280,2,1.7893850042123,0.713310259342663,0.697218481221722,272,0.0918351049028778,0,0.376503247094782,0.0326933926623476,TRUE,0.128744965742546
V,FAA,1001,280,2,1.7893850042123,0.699881908916284,0.683168490746516,272,0.498334925476197,0.207608027810799,0.830486244036945,0.0343822591259568,TRUE,0.712027156478201
F/Total,FAA,1001,280,2,1.7893850042123,0.69881759653378,0.682534111259123,272,0.333380046685071,0.106626463090069,0.632185852108073,0.0091742488390336,TRUE,0.477063039538037
H/Total,FAA,1001,280,2,1.7893850042123,0.6935959499562,0.676256028319803,272,0.632730006554019,0.286503672847693,0.941280974558228,0.0389019300188157,TRUE,0.912245820630837
Q,FAA,1001,280,2,1.7893850042123,0.691996006230325,0.676748509456228,272,0.851191756899796,0.476271514927381,1,0.0156606979294878,TRUE,1.23005299053198
D/Total,FAA,1001,280,2,1.7893850042123,0.683238849182821,0.665926407187055,272,0.561949894225425,0.244015424370983,0.84072455799701,0.042093070309574,TRUE,0.822479422675596
I,FAA,1001,280,2,1.7893850042123,0.680270065414621,0.662852809369539,272,0.442140964191768,0.176663900932019,0.811822997823069,0.0285141092922644,TRUE,0.649949169705543
I/Total,FAA,1001,280,2,1.7893850042123,0.679092550308763,0.661723458496654,272,0.374729058105644,0.125328720506307,0.744018048262502,0.0095347081067973,TRUE,0.551808524383408
A,FAA,1001,280,2,1.7893850042123,0.663848265394838,0.645907651973484,272,0.94148149758086,0.576021966782179,1,0.0366157891700299,TRUE,1.41821790710095
Q/Total,FAA,1001,280,2,1.7893850042123,0.649531434536231,0.633659315076693,272,0.506737137532128,0.204212388204555,0.823610712703525,0.0372592693806301,TRUE,0.780157988649066
V/Total,FAA,1001,280,2,1.7893850042123,0.645044402991466,0.628662052799667,272,0.242859945480779,0.0531088199855654,0.551834395266141,0.0211305578038865,TRUE,0.376501128223869
E,FAA,1001,280,2,1.7893850042123,0.636829470457423,0.62103869499805,272,0.592740451124602,0.173138241457666,0.965237954513895,0.0094555975098913,TRUE,0.930767934936878
T,FAA,1001,280,2,1.7893850042123,0.623856107550208,0.60607326752813,272,0.328884215941578,0.116764316999756,0.63151198385249,0.0280068618592178,TRUE,0.527179604337062
C/Total,FAA,1001,280,2,1.7893850042123,0.590210314388683,0.574170226802102,272,0.323116580272087,0.147049545370068,0.575038712380771,0.0092214636438131,TRUE,0.547460070410256
Y,FAA,959,278,2,1.69271948608137,0.579966709738977,0.572455255636518,270,0.321524898526593,0.0723650422895923,0.728500316516613,0.0459400509590348,TRUE,0.554385093363894
A/Total,FAA,1001,280,2,1.7893850042123,0.576713549651767,0.559299129157611,272,0.488743415216146,0.204876426418321,0.810742051019656,0.012867438247866,TRUE,0.847463035177967
C,FAA,1001,280,2,1.7893850042123,0.523259945664862,0.507970466185345,272,0.379852547980849,0.156577367684462,0.64933071038174,0.0237272414895999,TRUE,0.725934692933935
Y/Total,FAA,959,278,2,1.69271948608137,0.472452548430097,0.464315306971226,270,0.532470033587099,0.199989037698378,0.852659054252343,0.0436490090618264,TRUE,1.12703389018946
G,FAA,987,280,2,1.75593594699061,0.470434476872228,0.457099324768841,272,0.270703669633236,0.091003658363909,0.535502411752902,0.0099761936599278,TRUE,0.57543331312165
T/Total,FAA,1001,280,2,1.7893850042123,0.177535287684256,0.170176621060265,272,0.115746444061818,0,0.356223705608566,0.0181282378163319,TRUE,0.651963029838167
G/Total,FAA,987,280,2,1.75593594699061,0.137412174135583,0.135033681534492,272,0.069531410824785,0,0.316104095596506,0.0291118440001869,TRUE,0.506006190952042
L/V,PBAA,988,279,2,1.7673640167364,0.826803284170179,0.813771808247531,272,0.799629135229212,0.525008659560763,0.965201626594361,0.0342112402923662,TRUE,0.967133477259661
M/IMTXK,PBAA,988,279,2,1.7673640167364,0.814189113715179,0.800040358378229,272,0.659975515748798,0.341031388502856,0.92136883314782,0.0175190507289423,TRUE,0.810592409836213
V/LAV,PBAA,988,279,2,1.7673640167364,0.791517146965157,0.77803660846006,272,0.783606045325876,0.456784992545836,0.968029071592943,0.0223996941818045,TRUE,0.990005141809481
V/IVL,PBAA,988,279,2,1.7673640167364,0.787530437017224,0.773927017809941,272,0.747868414554007,0.437201852931573,0.94373551795225,0.0110982948228309,TRUE,0.949637473551578
Met/Total,PBAA,988,279,2,1.7673640167364,0.753899314544214,0.73967904706982,272,0.509895870172493,0.228585544462002,0.802701970364856,0.0089278488252959,TRUE,0.676344785484732
A/X,PBAA,988,279,2,1.7673640167364,0.751922280408311,0.737119970573479,272,0.999993855825398,0.879506653290235,1,0.0620926875377337,FALSE,1.32991651116174
H/X,PBAA,988,279,2,1.7673640167364,0.725569292394822,0.711840335113915,272,0.761029735744952,0.413932816265298,0.999980854110376,0.0260013274142958,TRUE,1.04887258008548
L/IVL,PBAA,988,279,2,1.7673640167364,0.708180419109468,0.694514225442644,272,0.859781375523965,0.609269766423775,1,0.0238158889749669,TRUE,1.21407109307701
X/K,PBAA,988,279,2,1.7673640167364,0.681073985371954,0.666601936343967,272,0.512062734311657,0.133231695563356,0.839067418250418,0.0191190060672691,TRUE,0.751845974607303
Leu,PBAA,988,279,2,1.7673640167364,0.676630953608479,0.660267178641118,272,0.376897625315181,0.130653469747944,0.646823660868742,0.0120493751269259,TRUE,0.557020962912178
V/A,PBAA,988,279,2,1.7673640167364,0.67240803000103,0.659099277268093,272,0.781000392884304,0.372693925032937,0.988241923261052,0.016495724857472,TRUE,1.16149771870379
Ala,PBAA,988,279,2,1.7673640167364,0.657618959910719,0.641622119063868,272,0.339575630471322,0.115694565893506,0.608294854136111,0.0282653468624826,TRUE,0.516371411367798
LAV,PBAA,988,279,2,1.7673640167364,0.657070987534317,0.640877743881481,272,0.344582357589707,0.12350297528321,0.606654647005721,0.0427945910379976,TRUE,0.5244218115348
Ile,PBAA,988,279,2,1.7673640167364,0.647588822539579,0.633036841077188,272,0.390458129817449,0.159149750354865,0.655828397399472,0.0074890857308004,TRUE,0.602941428615509
IVL,PBAA,988,279,2,1.7673640167364,0.645064813882454,0.62909449499376,272,0.355248449184309,0.132952890282156,0.6162843409214,0.0202070732248856,TRUE,0.550717449687224
Asx,PBAA,988,279,2,1.7673640167364,0.641571361973934,0.626663756439932,272,0.345868999525702,0.138912499815546,0.610137417668517,0.0158448055651033,TRUE,0.539096692940846
FY,PBAA,988,279,2,1.7673640167364,0.636760464313184,0.623455661162715,272,0.27236334278875,0.0759636100984635,0.541152707720727,0.0151586362483924,TRUE,0.427732810143173
F/FY,PBAA,988,279,2,1.7673640167364,0.62633321125218,0.61438445667898,272,0.198915532449518,0.0459462056091774,0.460106751007578,0.0218606332003871,TRUE,0.317587394179276
Tyr,PBAA,988,279,2,1.7673640167364,0.624039030277573,0.612093318081175,272,0.198704724345025,0.0455251630648763,0.460944898049834,0.0066633155504279,TRUE,0.318417141723718
I/V,PBAA,988,279,2,1.7673640167364,0.623707194452494,0.61116248641168,272,0.576330634074093,0.276225272463349,0.844453577832669,0.0173686112429468,TRUE,0.924040381769222
Met,PBAA,988,279,2,1.7673640167364,0.618926035734814,0.606449890921278,272,0.633953502591653,0.32840747815354,0.884866759372639,0.0162856426505741,TRUE,1.02427990743514
H/M,PBAA,988,279,2,1.7673640167364,0.612982786291869,0.600616556132787,272,0.40402104691943,0.13311307049255,0.734840543224812,0.0273135400711397,TRUE,0.659106676328521
Lys,PBAA,988,279,2,1.7673640167364,0.603982209450106,0.591924929290432,272,0.518663086889266,0.272358908942475,0.782281622167935,0.0172295183200556,TRUE,0.858739013788968
M/I,PBAA,988,279,2,1.7673640167364,0.600963481907554,0.588102979305297,272,0.6837275304178,0.324511816229171,0.960871004242933,0.0291809306941191,TRUE,1.1377189313526
Phe,PBAA,988,279,2,1.7673640167364,0.596326456587257,0.584076441283045,272,0.315071678545691,0.101337273639822,0.579277782152973,0.0001977477823763,TRUE,0.52835435199174
Pro,PBAA,988,279,2,1.7673640167364,0.593573812804133,0.578786027725535,272,0.145722544447533,0,0.403399837705559,0.0152366041257078,TRUE,0.245500292135728
T/K,PBAA,988,279,2,1.7673640167364,0.583663470713812,0.571961514132316,272,0.25195667737476,0,0.584136914353245,0.0347545386215119,TRUE,0.431681422629758
M/K,PBAA,988,279,2,1.7673640167364,0.581659288293173,0.569683742497485,272,0.71949373243935,0.361210820378604,0.963387070368187,0.0255546900513307,TRUE,1.2369676663303
Z/K,PBAA,988,279,2,1.7673640167364,0.575150715727084,0.562407571194698,272,0.7873022376752,0.500064987094234,0.993986125092926,0.0255154109723915,TRUE,1.36886248447057
His,PBAA,988,279,2,1.7673640167364,0.573993358589781,0.561467739372565,272,0.188574589186352,0.0083037984784769,0.449116847155373,0.0414257254542543,TRUE,0.328530960096215
ZHPR,PBAA,988,279,2,1.7673640167364,0.570105210548296,0.557983884339702,272,0.283035782922873,0.0956287050875616,0.528576412025025,0.0317275403952359,TRUE,0.496462368148968
L/LAV,PBAA,988,279,2,1.7673640167364,0.562787697052514,0.55145139847456,272,0.776818739994642,0.45036814675379,0.97426952371545,0.0159786919115201,TRUE,1.38030512049761
Arg,PBAA,988,279,2,1.7673640167364,0.557621699341171,0.545820135864971,272,0.357554283130287,0.161717842620733,0.592795587570696,0.0161808391652719,TRUE,0.641213000772273
Val,PBAA,988,279,2,1.7673640167364,0.545565741682248,0.532296372320796,272,0.333588968720036,0.123746043905326,0.603115908242795,0.0515961596578675,FALSE,0.611455124897354
His/Total,PBAA,988,279,2,1.7673640167364,0.543985839674867,0.533139534734907,272,0.653001370790893,0.269464172009823,0.94644621436404,0.0123836699155495,TRUE,1.20040141335514
X/ZHPR,PBAA,988,279,2,1.7673640167364,0.541870810477679,0.529774041154473,272,0.836554945174729,0.544924084757597,1,0.0225042126682408,TRUE,1.54382729056263
Lys/Total,PBAA,988,279,2,1.7673640167364,0.53658168915586,0.524542389431152,272,0.719337948138271,0.390406253766492,0.950071358275118,0.0132564774048715,TRUE,1.34059354367817
Ser,PBAA,988,279,2,1.7673640167364,0.534600694037076,0.521440059868566,272,0.331142350693689,0.12062108783248,0.599632866700544,0.0068871645466509,TRUE,0.619419979037145
R/P,PBAA,988,279,2,1.7673640167364,0.524579631466033,0.51300257349191,272,0.414745823721728,0.148218068528107,0.698156030763847,0.0118878165150636,TRUE,0.790625100259127
H/Z,PBAA,988,279,2,1.7673640167364,0.511488258979626,0.50118954034893,272,0.70937220873364,0.265161017482633,1,0.0133288913491581,TRUE,1.38687877244489
Thr,PBAA,988,279,2,1.7673640167364,0.50364228759955,0.491774155377439,272,0.251323656229506,0.0820689630638456,0.481627180288184,0.016266688204816,TRUE,0.499012220414136
Z/ZHPR,PBAA,988,279,2,1.7673640167364,0.503531084499512,0.493620258410805,272,0.165288130433746,0,0.648316260487644,0.0290066950317387,TRUE,0.328258047063837
Glx,PBAA,988,279,2,1.7673640167364,0.492423669299693,0.482805821007341,272,0.362841185543825,0.122444826739713,0.653236479646996,0.0129855999039684,TRUE,0.73684757286311
IMTXK,PBAA,988,279,2,1.7673640167364,0.478702588797149,0.469690973414916,272,0.438878745367296,0.212132683092441,0.686405949660914,0.0183856025966521,TRUE,0.916808798694989
H/ZHPR,PBAA,988,279,2,1.7673640167364,0.452126304837862,0.442462425191495,272,0.630113806566635,0.197154365530126,0.994726383814064,0.0125813388345505,TRUE,1.39366765398134
Arg/Total,PBAA,988,279,2,1.7673640167364,0.450460998205488,0.441661168004993,272,0.484640602650501,0.126481708062618,0.810866552708572,0.0255735347419978,TRUE,1.07587694513215
T/I,PBAA,988,279,2,1.7673640167364,0.434136439384544,0.425668217506511,272,0.251268873104079,0.0339049363011303,0.59671840197278,0.042251527275294,TRUE,0.578778582743001
R/ZHPR,PBAA,988,279,2,1.7673640167364,0.424044614484825,0.415373601007996,272,0.384257141802664,0.125999286212391,0.674569668320106,0.0193581869344609,TRUE,0.906171493934668
R/Z,PBAA,988,279,2,1.7673640167364,0.421253072477995,0.413522442374363,272,0.414858674116568,0.113345381278666,0.724677763745027,0.0052282921175287,TRUE,0.984820530034803
Z/R,PBAA,988,279,2,1.7673640167364,0.419236966244657,0.411456827803755,272,0.414858684710828,0.113345382437527,0.724677765398768,0.0345812388251852,TRUE,0.989556547045343
Z/P,PBAA,988,279,2,1.7673640167364,0.412828554091847,0.405344264875583,272,6.14417465437913e-06,0,0.15633391774839,0.0143496250836886,TRUE,1.48831145362396e-05
I/LAV,PBAA,988,279,2,1.7673640167364,0.385717776819542,0.379000032089126,272,0.55021914288026,0.202643454789623,0.897517501869125,0.0456277942428835,TRUE,1.42648116303356
I/L,PBAA,988,279,2,1.7673640167364,0.385396561502127,0.378664201996761,272,0.79898890203404,0.395237673160402,1,0.0887157133231479,FALSE,2.07316043225682
Asx/Total,PBAA,988,279,2,1.7673640167364,0.381658210110182,0.374826114784291,272,0.999993855825398,0.904095886217628,1,0.0905521192434612,FALSE,2.62012929195656
K/IMTXK,PBAA,988,279,2,1.7673640167364,0.366295720537671,0.359673712607436,272,0.592853722838079,0.182705136082394,0.878026618513237,0.0328037202606307,TRUE,1.61851119081559
I/IVL,PBAA,988,279,2,1.7673640167364,0.358679008626094,0.352656832095937,272,0.632891603739956,0.251616763520847,0.959182584662331,0.0246237400878613,TRUE,1.76450695055789
Z/I,PBAA,988,279,2,1.7673640167364,0.349909477554202,0.344104967275324,272,0.349980247635242,0.0985301279857994,0.670155600386184,0.0548211631022687,FALSE,1.00020225254124
P/ZHPR,PBAA,988,279,2,1.7673640167364,0.348758223677777,0.342982896244778,272,6.14417465153024e-06,0,0.153362590741639,0.057636486723771,FALSE,1.76172896705855e-05
Leu/Total,PBAA,988,279,2,1.7673640167364,0.322815319491013,0.31772942539561,272,0.944707812125282,0.717500330563155,1,0.0788469194086581,FALSE,2.92646524215398
Z/V,PBAA,988,279,2,1.7673640167364,0.306638764818831,0.301928986520371,272,0.560979227191011,0.0753292146178921,0.947672154948008,0.0962532015029648,FALSE,1.82944653955429
Pro/Total,PBAA,988,279,2,1.7673640167364,0.298924015207835,0.294154675857366,272,0.454374996884243,0.075980420904499,0.850765720622702,0.0084276596721661,TRUE,1.52003510513642
Val/Total,PBAA,988,279,2,1.7673640167364,0.277082629053049,0.273125873422982,272,0.995240056612174,0.633841387911733,1,0.0781282189497202,FALSE,3.59185294297763
I/IMTXK,PBAA,988,279,2,1.7673640167364,0.265689566086475,0.262075370663839,272,0.999993855825397,0.822185021751384,1,0.0243757576026625,TRUE,3.76376788353038
Ile/Total,PBAA,988,279,2,1.7673640167364,0.248556566817794,0.245398953042502,272,0.746599527986214,0.328878839083909,1,0.128458591006478,FALSE,3.00374090914087
Glx/Total,PBAA,988,279,2,1.7673640167364,0.231721710010987,0.228753263435446,272,0.281854088173218,0.0872112725167898,0.537734879435203,0.0039068601106722,TRUE,1.21634735113881
F/Z,PBAA,988,279,2,1.7673640167364,0.231530578822407,0.228569060196322,272,0.37019510722039,0.103210778363263,0.665599480026655,0.0062001312251509,TRUE,1.59890373489
Phe/Total,PBAA,988,279,2,1.7673640167364,0.209344085267409,0.206857535877271,272,0.541544041434153,0.205555267547545,0.8203953997052,0.0297436577653144,TRUE,2.58686096023397
T/Z,PBAA,988,279,2,1.7673640167364,0.190412799122242,0.187700743514968,272,0.105130486033121,0,0.32115411862223,0.0260786207186637,TRUE,0.552118799354601
Y/F,PBAA,988,279,2,1.7673640167364,0.175816802244287,0.173955189142347,272,0.303703656054271,0.0912401965590344,0.586773204553836,0.0152450238094355,TRUE,1.72738698564369
Y/FY,PBAA,988,279,2,1.7673640167364,0.173193465734298,0.171378684020634,272,0.282385962977977,0.0781984303998952,0.563209461350824,0.0012743547470474,TRUE,1.63046545538384
X/IMTXK,PBAA,988,279,2,1.7673640167364,0.164246859675164,0.162619105956371,272,0.966792246671272,0.649744437742759,1,0.431352987392108,FALSE,5.88621449800213
Ala/Total,PBAA,988,279,2,1.7673640167364,0.154796125389632,0.152985376230802,272,0.999993855825398,0.797788012383526,1,0.173288140081482,FALSE,6.46007032351971
A/LAV,PBAA,988,279,2,1.7673640167364,0.123329991732523,0.121372406862172,272,0.592883682148914,0.0496483298233922,1,0.0050888420567683,TRUE,4.80729523954526
Tyr/Total,PBAA,988,279,2,1.7673640167364,0.119569974401402,0.118612574539526,272,0.678904737395213,0.0289555877834725,1,0.16895282376142,FALSE,5.67788644928616
T/IMTXK,PBAA,988,279,2,1.7673640167364,0.116660763664829,0.115687821432783,272,0.562042476859824,0,0.936643185772698,0.257813942023822,FALSE,4.81775070900954
Thr/Total,PBAA,988,279,2,1.7673640167364,0.0938802932659137,0.092945840029448,272,0.0352612216177357,0,0.283510540127529,0.0653865255183528,FALSE,0.375597693520824
