Phenotype,SNP,Chr,Pos,n_models_sig,models_sig,min_P,replicated,GeneID,GeneStart,GeneEnd,Relation,Distance_to_Gene_bp
N.Total,3-212191792,3,215782315,2,BLINK+FarmCPU,3.05442877780894e-19,TRUE,Zm00001eb157240,215778117,215778480,downstream,3835
N.Total,3-212191792,3,215782315,2,BLINK+FarmCPU,3.05442877780894e-19,TRUE,Zm00001eb157250,215804693,215810387,upstream,22378
R.Total,5-216273624,5,222130074,2,BLINK+FarmCPU,2.07514928492523e-17,TRUE,Zm00001eb257850,222113667,222115093,downstream,14981
R.Total,5-216273624,5,222130074,2,BLINK+FarmCPU,2.07514928492523e-17,TRUE,Zm00001eb257860,222120267,222124937,downstream,5137
R.Total,5-216273624,5,222130074,2,BLINK+FarmCPU,2.07514928492523e-17,TRUE,Zm00001eb257870,222123677,222124937,downstream,5137
R.Total,5-216273624,5,222130074,2,BLINK+FarmCPU,2.07514928492523e-17,TRUE,Zm00001eb257880,222135286,222139422,upstream,5212
R.Total,5-216273624,5,222130074,2,BLINK+FarmCPU,2.07514928492523e-17,TRUE,Zm00001eb257890,222145236,222153647,upstream,15162
Q.Total,4-834837,4,1050251,2,BLINK+FarmCPU,7.5537296537986e-17,TRUE,Zm00001eb164350,1033659,1036014,downstream,14237
H,7-156783044,7,162164143,2,BLINK+FarmCPU,1.71701796890537e-16,TRUE,Zm00001eb322660,162177632,162178621,upstream,13489
H,7-156783044,7,162164143,2,BLINK+FarmCPU,1.71701796890537e-16,TRUE,Zm00001eb322670,162185107,162185811,upstream,20964
C.Total,3-152358980,3,153710629,2,BLINK+FarmCPU,1.21891544525724e-15,TRUE,Zm00001eb141460,153733233,153746572,upstream,22604
Q,10-148248665,10,149586775,2,BLINK+FarmCPU,1.58050288664475e-15,TRUE,Zm00001eb433190,149567677,149569414,downstream,17361
Q,10-148248665,10,149586775,2,BLINK+FarmCPU,1.58050288664475e-15,TRUE,Zm00001eb433200,149576981,149580756,downstream,6019
Q,10-148248665,10,149586775,2,BLINK+FarmCPU,1.58050288664475e-15,TRUE,Zm00001eb433210,149578869,149581031,downstream,5744
Q,10-148248665,10,149586775,2,BLINK+FarmCPU,1.58050288664475e-15,TRUE,Zm00001eb433220,149584269,149588825,within,0
Q,10-148248665,10,149586775,2,BLINK+FarmCPU,1.58050288664475e-15,TRUE,Zm00001eb433230,149588656,149592451,upstream,1881
D,6-136885446,6,140809373,2,BLINK+FarmCPU,2.09640742327681e-15,TRUE,Zm00001eb283500,140793522,140794322,downstream,15051
D,6-136885446,6,140809373,2,BLINK+FarmCPU,2.09640742327681e-15,TRUE,Zm00001eb283510,140800696,140805442,downstream,3931
N.E,1-216747522,1,219876582,2,BLINK+FarmCPU,7.73022016533462e-15,TRUE,Zm00001eb041800,219883824,219887445,upstream,7242
N.E,1-216747522,1,219876582,2,BLINK+FarmCPU,7.73022016533462e-15,TRUE,Zm00001eb041810,219889363,219889629,upstream,12781
H.Total,2-210755195,2,216947637,2,BLINK+FarmCPU,3.93459658047183e-14,TRUE,Zm00001eb108690,216914391,216945232,downstream,2405
Q.Total,10-2766083,10,2346569,2,BLINK+FarmCPU,6.97053265624608e-14,TRUE,Zm00001eb405640,2322571,2327147,downstream,19422
Q.Total,10-2766083,10,2346569,2,BLINK+FarmCPU,6.97053265624608e-14,TRUE,Zm00001eb405650,2328347,2334069,downstream,12500
D.IMNTDK,10-40576192,10,41700989,2,BLINK+FarmCPU,8.71325591520876e-14,TRUE,Zm00001eb411940,41689049,41694086,downstream,6903
N,2-38205709,2,39115733,2,BLINK+FarmCPU,8.95919313182361e-14,TRUE,Zm00001eb079630,39109123,39111336,downstream,4397
N,2-38205709,2,39115733,2,BLINK+FarmCPU,8.95919313182361e-14,TRUE,Zm00001eb079640,39118514,39123657,upstream,2781
N,2-38205709,2,39115733,2,BLINK+FarmCPU,8.95919313182361e-14,TRUE,Zm00001eb079650,39122592,39123657,upstream,6859
N,2-38205709,2,39115733,2,BLINK+FarmCPU,8.95919313182361e-14,TRUE,Zm00001eb079660,39124011,39126954,upstream,8278
N,2-38205709,2,39115733,2,BLINK+FarmCPU,8.95919313182361e-14,TRUE,Zm00001eb079670,39124166,39126596,upstream,8433
M,2-233320374,2,239557135,2,BLINK+FarmCPU,9.22510924158949e-14,TRUE,Zm00001eb116850,239475917,239582318,within,0
M,2-233320374,2,239557135,2,BLINK+FarmCPU,9.22510924158949e-14,TRUE,Zm00001eb116860,239578532,239578891,upstream,21397
N.D,5-6851962,5,7047181,2,BLINK+FarmCPU,1.0942162202325e-13,TRUE,Zm00001eb214460,7021841,7022304,downstream,24877
N.D,5-6851962,5,7047181,2,BLINK+FarmCPU,1.0942162202325e-13,TRUE,Zm00001eb214470,7022712,7024750,downstream,22431
N.D,5-6851962,5,7047181,2,BLINK+FarmCPU,1.0942162202325e-13,TRUE,Zm00001eb214480,7027114,7030775,downstream,16406
N.D,5-6851962,5,7047181,2,BLINK+FarmCPU,1.0942162202325e-13,TRUE,Zm00001eb214490,7036578,7039527,downstream,7654
N.D,5-6851962,5,7047181,2,BLINK+FarmCPU,1.0942162202325e-13,TRUE,Zm00001eb214500,7042486,7046073,downstream,1108
N.D,5-6851962,5,7047181,2,BLINK+FarmCPU,1.0942162202325e-13,TRUE,Zm00001eb214510,7048706,7052179,upstream,1525
R.Total,7-20200646,7,21086049,2,BLINK+FarmCPU,2.71208386195073e-13,TRUE,Zm00001eb303550,21060699,21061148,downstream,24901
L,7-165424846,7,170975152,2,BLINK+FarmCPU,4.54444025596522e-13,TRUE,Zm00001eb326020,170959319,170962033,downstream,13119
L,7-165424846,7,170975152,2,BLINK+FarmCPU,4.54444025596522e-13,TRUE,Zm00001eb326030,170976779,170980854,upstream,1627
D.Total,5-9663930,5,10010988,2,BLINK+FarmCPU,6.22621053825085e-13,TRUE,Zm00001eb215700,9991095,9992055,downstream,18933
D.Total,5-9663930,5,10010988,2,BLINK+FarmCPU,6.22621053825085e-13,TRUE,Zm00001eb215710,9999369,10002552,downstream,8436
R.EHPRQ,8-87289472,8,89569329,2,BLINK+FarmCPU,9.4656011094822e-13,TRUE,Zm00001eb346720,89553728,89554009,downstream,15320
R.EHPRQ,8-87289472,8,89569329,2,BLINK+FarmCPU,9.4656011094822e-13,TRUE,Zm00001eb346740,89557364,89565221,downstream,4108
R.EHPRQ,8-87289472,8,89569329,2,BLINK+FarmCPU,9.4656011094822e-13,TRUE,Zm00001eb346750,89567205,89591241,within,0
Total_PBAA,7-5322774,7,5653328,2,BLINK+FarmCPU,9.48498998184468e-13,TRUE,Zm00001eb300090,5645096,5652501,downstream,827
Total_PBAA,7-5322774,7,5653328,2,BLINK+FarmCPU,9.48498998184468e-13,TRUE,Zm00001eb300100,5653558,5658222,upstream,230
N,1-64008350,1,64841887,2,BLINK+FarmCPU,1.32254632658718e-12,TRUE,Zm00001eb018150,64820200,64823889,downstream,17998
N,1-64008350,1,64841887,2,BLINK+FarmCPU,1.32254632658718e-12,TRUE,Zm00001eb018170,64830884,64834361,downstream,7526
G,3-177292838,3,179451922,2,BLINK+FarmCPU,1.60296985070196e-12,TRUE,Zm00001eb146450,179420127,179427867,downstream,24055
G,3-177292838,3,179451922,2,BLINK+FarmCPU,1.60296985070196e-12,TRUE,Zm00001eb146460,179429488,179431205,downstream,20717
G,3-177292838,3,179451922,2,BLINK+FarmCPU,1.60296985070196e-12,TRUE,Zm00001eb146480,179433646,179434230,downstream,17692
N,1-216747522,1,219876582,2,BLINK+FarmCPU,1.87310972124059e-12,TRUE,Zm00001eb041800,219883824,219887445,upstream,7242
N,1-216747522,1,219876582,2,BLINK+FarmCPU,1.87310972124059e-12,TRUE,Zm00001eb041810,219889363,219889629,upstream,12781
A.Total,6-169045676,6,173082541,2,BLINK+FarmCPU,2.061301141048e-12,TRUE,Zm00001eb294210,173049234,173061199,downstream,21342
H,5-217750506,5,223684728,2,BLINK+FarmCPU,4.67067827624949e-12,TRUE,Zm00001eb258590,223657677,223660025,downstream,24703
H,5-217750506,5,223684728,2,BLINK+FarmCPU,4.67067827624949e-12,TRUE,Zm00001eb258600,223680613,223689690,within,0
H,5-217750506,5,223684728,2,BLINK+FarmCPU,4.67067827624949e-12,TRUE,Zm00001eb258610,223691917,223693843,upstream,7189
H,5-217750506,5,223684728,2,BLINK+FarmCPU,4.67067827624949e-12,TRUE,Zm00001eb258630,223694809,223699176,upstream,10081
H,5-217750506,5,223684728,2,BLINK+FarmCPU,4.67067827624949e-12,TRUE,Zm00001eb258640,223699296,223702997,upstream,14568
H,5-10366510,5,10725038,2,BLINK+FarmCPU,4.88615188958042e-12,TRUE,Zm00001eb216050,10705315,10706466,downstream,18572
H,5-10366510,5,10725038,2,BLINK+FarmCPU,4.88615188958042e-12,TRUE,Zm00001eb216060,10705382,10706568,downstream,18470
H,5-10366510,5,10725038,2,BLINK+FarmCPU,4.88615188958042e-12,TRUE,Zm00001eb216070,10716481,10718746,downstream,6292
H,5-10366510,5,10725038,2,BLINK+FarmCPU,4.88615188958042e-12,TRUE,Zm00001eb216080,10722689,10726329,within,0
IVL,3-20416441,3,19828782,2,BLINK+FarmCPU,8.5552155816962e-12,TRUE,Zm00001eb124780,19794268,19809842,downstream,18940
IVL,3-20416441,3,19828782,2,BLINK+FarmCPU,8.5552155816962e-12,TRUE,Zm00001eb124790,19816426,19832549,within,0
Total_N,1-80777231,1,82382090,2,BLINK+FarmCPU,1.15402973432981e-11,TRUE,Zm00001eb021640,82369329,82370821,downstream,11269
Total_N,1-80777231,1,82382090,2,BLINK+FarmCPU,1.15402973432981e-11,TRUE,Zm00001eb021650,82375978,82377069,downstream,5021
Total_N,1-80777231,1,82382090,2,BLINK+FarmCPU,1.15402973432981e-11,TRUE,Zm00001eb021660,82377432,82377841,downstream,4249
Total_N,1-80777231,1,82382090,2,BLINK+FarmCPU,1.15402973432981e-11,TRUE,Zm00001eb021670,82379007,82381438,downstream,652
Total_N,1-80777231,1,82382090,2,BLINK+FarmCPU,1.15402973432981e-11,TRUE,Zm00001eb021700,82404649,82405664,upstream,22559
Total_N,1-80777231,1,82382090,2,BLINK+FarmCPU,1.15402973432981e-11,TRUE,Zm00001eb021690,82404649,82405736,upstream,22559
R.EHPRQ,2-212322724,2,218470553,2,BLINK+FarmCPU,1.23458900528298e-11,TRUE,Zm00001eb109430,218445148,218446454,downstream,24099
R.EHPRQ,2-212322724,2,218470553,2,BLINK+FarmCPU,1.23458900528298e-11,TRUE,Zm00001eb109440,218451265,218455797,downstream,14756
R.EHPRQ,2-212322724,2,218470553,2,BLINK+FarmCPU,1.23458900528298e-11,TRUE,Zm00001eb109450,218458168,218459180,downstream,11373
R.EHPRQ,2-212322724,2,218470553,2,BLINK+FarmCPU,1.23458900528298e-11,TRUE,Zm00001eb109460,218458345,218458635,downstream,11918
K.IMNTDK,2-195935106,2,201505766,2,BLINK+FarmCPU,1.28058501603988e-11,TRUE,Zm00001eb103350,201509432,201514605,upstream,3666
K.IMNTDK,2-195935106,2,201505766,2,BLINK+FarmCPU,1.28058501603988e-11,TRUE,Zm00001eb103360,201514751,201515486,upstream,8985
Q.EHPRQ,4-834837,4,1050251,2,BLINK+FarmCPU,1.53373863528636e-11,TRUE,Zm00001eb164350,1033659,1036014,downstream,14237
I.IMNTDK,3-212191792,3,215782315,2,BLINK+FarmCPU,2.74840555686024e-11,TRUE,Zm00001eb157240,215778117,215778480,downstream,3835
I.IMNTDK,3-212191792,3,215782315,2,BLINK+FarmCPU,2.74840555686024e-11,TRUE,Zm00001eb157250,215804693,215810387,upstream,22378
Total,9-128375467,9,130359852,2,BLINK+FarmCPU,4.27630958452935e-11,TRUE,Zm00001eb393450,130359239,130360506,within,0
I.Total,8-109253461,8,112412901,2,BLINK+FarmCPU,4.62151753372745e-11,TRUE,Zm00001eb350170,112431866,112432111,upstream,18965
H.Total,2-159021684,2,163018934,2,BLINK+FarmCPU,4.7107382578701e-11,TRUE,Zm00001eb095060,163006674,163007135,downstream,11799
G,6-136950046,6,140872819,2,BLINK+FarmCPU,6.81091987018707e-11,TRUE,Zm00001eb283520,140866155,140869877,downstream,2942
G,6-136950046,6,140872819,2,BLINK+FarmCPU,6.81091987018707e-11,TRUE,Zm00001eb283530,140882012,140885093,upstream,9193
N.Total,10-136042190,10,137223923,2,BLINK+FarmCPU,1.1939390240652e-10,TRUE,Zm00001eb427960,137214761,137217464,downstream,6459
N.Total,10-136042190,10,137223923,2,BLINK+FarmCPU,1.1939390240652e-10,TRUE,Zm00001eb427970,137229874,137233357,upstream,5951
S.Total,1-154143819,1,156006766,2,BLINK+FarmCPU,2.38880861218856e-10,TRUE,Zm00001eb029060,156003811,156006415,downstream,351
D.IMNTDK,6-109339521,6,113840506,2,BLINK+FarmCPU,3.05110616606357e-10,TRUE,Zm00001eb277110,113822769,113844705,within,0
D.IMNTDK,6-109339521,6,113840506,2,BLINK+FarmCPU,3.05110616606357e-10,TRUE,Zm00001eb277130,113850492,113852776,upstream,9986
D.IMNTDK,6-109339521,6,113840506,2,BLINK+FarmCPU,3.05110616606357e-10,TRUE,Zm00001eb277140,113861423,113862944,upstream,20917
D.IMNTDK,6-109339521,6,113840506,2,BLINK+FarmCPU,3.05110616606357e-10,TRUE,Zm00001eb277150,113864155,113888062,upstream,23649
D.IMNTDK,6-109339521,6,113840506,2,BLINK+FarmCPU,3.05110616606357e-10,TRUE,Zm00001eb277160,113864229,113893982,upstream,23723
T.Total,7-100272797,7,103382275,2,BLINK+FarmCPU,3.7641179721466e-10,TRUE,Zm00001eb311020,103406551,103413101,upstream,24276
K.Total,3-52317420,3,52185775,2,BLINK+FarmCPU,6.17245075344894e-10,TRUE,Zm00001eb129920,52164710,52191173,within,0
K.Total,3-52317420,3,52185775,2,BLINK+FarmCPU,6.17245075344894e-10,TRUE,Zm00001eb129930,52194389,52197808,upstream,8614
R.Total,2-141327152,2,145490764,2,BLINK+FarmCPU,6.38592733363375e-10,TRUE,Zm00001eb092270,145464669,145469853,downstream,20911
N.E,10-86489794,10,86519548,2,BLINK+FarmCPU,7.5859088256791e-10,TRUE,Zm00001eb417100,86505315,86525363,within,0
K.IMNTDK,1-299554935,1,305022388,2,BLINK+FarmCPU,3.01105545609979e-09,TRUE,Zm00001eb064450,305028838,305031500,upstream,6450
IMNTDK,8-144530447,8,149293282,2,BLINK+FarmCPU,3.73551027532817e-09,TRUE,Zm00001eb358720,149280854,149289728,downstream,3554
IMNTDK,8-144530447,8,149293282,2,BLINK+FarmCPU,3.73551027532817e-09,TRUE,Zm00001eb358730,149290351,149290590,downstream,2692
I,2-231615843,2,237964625,2,BLINK+FarmCPU,4.4327240508953e-09,TRUE,Zm00001eb116160,237933529,237941319,downstream,23306
H,2-46980390,2,48291778,2,BLINK+FarmCPU,4.48045897671818e-09,TRUE,Zm00001eb081900,48302544,48307701,upstream,10766
R.Total,8-87289472,8,89569329,2,BLINK+FarmCPU,8.64753676938101e-09,TRUE,Zm00001eb346720,89553728,89554009,downstream,15320
R.Total,8-87289472,8,89569329,2,BLINK+FarmCPU,8.64753676938101e-09,TRUE,Zm00001eb346740,89557364,89565221,downstream,4108
R.Total,8-87289472,8,89569329,2,BLINK+FarmCPU,8.64753676938101e-09,TRUE,Zm00001eb346750,89567205,89591241,within,0
