population,generation,biological_sample,bio_id,Ala,Arg,Asn,Asp,Gln,Glu,Gly,His,Ile,Leu,Lys,Met,Phe,Pro,Ser,Trp,Thr,Tyr,Val,Cys,Total_FAA,Proline_fraction,Asn_fraction,Asp_fraction,Gln_fraction,Glu_fraction,N_rich_FAA_pool
Indian Chief,G0,IC0_1,1,0.7683333333333333,0.06833333333333333,0.8243333333333334,0.6226666666666667,0.049,0.7503333333333333,0.09633333333333334,0.08266666666666667,0.034,0.039,0.12666666666666665,0.024333333333333332,0.034,2.962666666666667,0.07766666666666666,0.048666666666666664,0.073,0.09733333333333333,0.08266666666666667,0,6.862,0.4317497328281356,0.12013018556300399,0.09074128048188089,0.007140775284173711,0.10934615758282328,1.151
Indian Chief,G0,IC0_2,2,0.701,0.09333333333333334,0.39899999999999997,0.9873333333333333,0.04033333333333333,1.592,0.13866666666666666,0.08866666666666667,0.06433333333333333,0.059333333333333335,0.18133333333333335,0.014666666666666666,0.039,3.4033333333333333,0.166,0.07366666666666667,0.09766666666666667,0.40499999999999997,0.14266666666666666,0,8.687333333333333,0.3917581152636022,0.045928938684675,0.11365206047118409,0.004642774921341417,0.18325531425063313,0.8026666666666666
Indian Chief,G0,IC0_3,3,0.8166666666666667,0.111,1.0136666666666667,1.175,0.035333333333333335,0.9223333333333333,0.13066666666666665,0.12066666666666666,0.050333333333333334,0.05533333333333333,0.24233333333333335,0.030333333333333334,0.035333333333333335,1.9063333333333334,0.18766666666666668,0.05533333333333333,0.10133333333333333,0.126,0.141,0.01,7.2666666666666675,0.2623394495412844,0.1394954128440367,0.161697247706422,0.004862385321100917,0.12692660550458715,1.5230000000000001
Indian Chief,G0,IC0_4,4,0.7896666666666666,0.12433333333333334,1.079,0.7366666666666667,0.03333333333333333,1.1663333333333332,0.067,0.16733333333333333,0.043,0.048,0.33,0.028666666666666667,0.03833333333333333,0.6596666666666666,0.17200000000000001,0.06733333333333333,0.11966666666666667,0.163,0.12433333333333334,0.004999999999999999,5.962666666666666,0.11063282647584972,0.1809593023255814,0.12354651162790699,0.005590339892665474,0.19560599284436492,1.7340000000000002
Indian Chief,G0,IC0_5,5,0.7090000000000001,0.08866666666666667,2.045,0.8136666666666666,0.05366666666666667,0.8076666666666666,0.09833333333333333,0.09333333333333334,0.039,0.049,0.173,0.039,0.039,3.7743333333333333,0.10866666666666666,0.034,0.08866666666666667,0.13766666666666666,0.11833333333333333,0,9.31,0.405406373075546,0.21965628356605799,0.0873970640887934,0.0057644110275689225,0.08675259577515215,2.4536666666666664
Indian Chief,G14,IC14_10,10,1.156,0.18566666666666667,1.1863333333333332,1.3833333333333333,0.036,1.0216666666666667,0.29000000000000004,0.16,0.052,0.067,0.671,0.04666666666666667,0.056666666666666664,4.344666666666667,0.192,0.08766666666666667,0.12933333333333333,0.2733333333333333,0.181,0,11.520333333333333,0.37713029136888404,0.10297734440554382,0.12007754405254477,0.0031249095801626106,0.08868377651109632,2.239
Indian Chief,G14,IC14_11,11,1.2836666666666667,0.095,1.4076666666666666,1.3256666666666668,0.185,1.034,0.21266666666666667,0.13833333333333334,0.052,0.08,0.23800000000000002,0.028666666666666667,0.057,9.015,0.285,0.06133333333333334,0.133,0.208,0.13733333333333334,0.014333333333333333,15.991666666666669,0.5637311099531005,0.08802501302761853,0.08289734236581553,0.011568525273579988,0.06465867639395517,2.064
Indian Chief,G14,IC14_12,12,1.0556666666666668,0.10333333333333333,1.0363333333333333,0.539,0.034666666666666665,0.587,0.149,0.17133333333333334,0.039,0.05366666666666667,0.24433333333333332,0.029333333333333333,0.048666666666666664,6.4350000000000005,0.17666666666666667,0.048666666666666664,0.10633333333333334,0.16133333333333333,0.11733333333333333,0.004999999999999999,11.141666666666667,0.5775617053103964,0.09301421091997007,0.04837696335078534,0.0031114435302916975,0.05268511593118922,1.5899999999999999
Indian Chief,G14,IC14_13,13,1.1263333333333334,0.14666666666666667,3.998333333333333,0.829,0.04033333333333333,0.672,0.263,0.24233333333333332,0.050666666666666665,0.06566666666666666,0.6053333333333333,0.04033333333333333,0.05566666666666666,8.305333333333333,0.25766666666666665,0.07066666666666667,0.217,0.21233333333333335,0.17166666666666666,0.01,17.380333333333333,0.4778581154945245,0.2300492894267467,0.047697589229205424,0.0023206305978021135,0.03866439078652117,5.0329999999999995
Indian Chief,G14,IC14_6,6,0.8793333333333333,0.082,2.188,1.0333333333333332,0.042,0.5763333333333334,0.194,0.106,0.04766666666666666,0.067,0.24066666666666667,0.028666666666666667,0.05266666666666667,7.215333333333334,0.221,0.043,0.11499999999999999,0.17266666666666666,0.13466666666666668,0,13.439333333333332,0.5368817897713181,0.162805694726921,0.07688873456024604,0.003125155017610001,0.042884071630537236,2.6586666666666665
Indian Chief,G14,IC14_7,7,0.8426666666666667,0.10966666666666666,1.2890000000000001,0.949,0.117,0.8776666666666667,0.196,0.17133333333333334,0.052333333333333336,0.067,0.4413333333333333,0.014666666666666666,0.043,7.256,0.216,0.052333333333333336,0.10533333333333333,0.20533333333333334,0.13833333333333334,0.004999999999999999,13.149000000000001,0.5518290364286257,0.09803026846147997,0.07217278880523233,0.00889801505817933,0.06674778817147058,2.1283333333333334
Indian Chief,G14,IC14_8,8,0.9206666666666666,0.15633333333333335,1.1366666666666667,0.9806666666666667,0.043666666666666666,0.7873333333333333,0.22433333333333333,0.20533333333333334,0.048,0.07200000000000001,0.6763333333333333,0.028666666666666667,0.05733333333333333,5.277,0.22433333333333333,0.062,0.115,0.233,0.13733333333333334,0.009333333333333332,11.395333333333335,0.46308430351605917,0.09974843503188438,0.08605862048791901,0.0038319780026911596,0.0690926110103551,2.2183333333333337
Indian Chief,G14,IC14_9,9,0.977,0.07833333333333334,0.7583333333333333,0.8823333333333334,0.15833333333333333,0.9603333333333333,0.19866666666666669,0.12200000000000001,0.054,0.093,0.18433333333333332,0.034,0.058666666666666666,8.083,0.18566666666666665,0.049,0.11699999999999999,0.20400000000000001,0.10866666666666666,0.015,13.321666666666667,0.6067559114224946,0.056924809208057044,0.06623295383460528,0.011885399724759164,0.072088077067434,1.3013333333333335
Jarvis,G0,JV0_14,14,0.8086666666666666,0.18133333333333335,2.0020000000000002,0.606,0.035333333333333335,0.6326666666666667,0.15133333333333335,0.20566666666666666,0.060333333333333336,0.075,0.33266666666666667,0.025333333333333333,0.08033333333333334,2.629,0.151,0.10033333333333333,0.14066666666666666,0.191,0.14533333333333334,0.015,8.569,0.306803594351733,0.23363286264441593,0.0707200373439141,0.004123390516201812,0.07383203018633057,2.7570000000000006
Jarvis,G0,JV0_15,15,1.7943333333333333,0.08366666666666667,0.9236666666666666,1.3153333333333335,1.2266666666666666,1.9616666666666667,0.31733333333333336,0.12766666666666665,0.06833333333333333,0.108,0.16766666666666666,0.06833333333333333,0.10333333333333333,8.197,0.631,0.04466666666666667,0.17133333333333334,0.16266666666666665,0.17733333333333334,0.015,17.665000000000003,0.46402490801018953,0.05228795169355598,0.07445985470327389,0.06944051325596753,0.11104821209548069,2.5293333333333337
Jarvis,G0,JV0_16,16,0.9443333333333334,0.097,1.3199999999999998,1.116,0.05366666666666667,0.8196666666666667,0.15166666666666667,0.11166666666666666,0.044,0.06266666666666666,0.17033333333333334,0.014666666666666666,0.058333333333333334,8.317,0.245,0.05333333333333333,0.13633333333333333,0.14600000000000002,0.122,0.014666666666666666,13.998333333333333,0.5941421597809263,0.09429694011191808,0.07972377664007621,0.0038337897368734375,0.058554589832122875,1.7526666666666666
Jarvis,G14,JV14_17,17,1.0663333333333334,0.07233333333333333,0.9163333333333333,1.486,0.030666666666666665,0.783,0.18066666666666667,0.12433333333333332,0.04666666666666667,0.051666666666666666,0.145,0.036,0.056666666666666664,3.138666666666667,0.15,0.07233333333333333,0.145,0.176,0.145,0.010333333333333333,8.833,0.3553341635533417,0.10373976376467037,0.16823276350050945,0.003471829125627382,0.08864485452281218,1.2886666666666666
Jarvis,G14,JV14_18,18,1.5,0.12766666666666665,1.665,1.3639999999999999,0.11333333333333334,1.0193333333333334,0.2563333333333333,0.18733333333333332,0.103,0.11800000000000001,0.24466666666666667,0.093,0.09333333333333334,6.961,0.2836666666666667,0.12766666666666665,0.13699999999999998,0.26366666666666666,0.21566666666666667,0.015,14.88866666666667,0.4675368289078941,0.1118300273138405,0.09161330766130836,0.007612053911252406,0.06846370841355841,2.3379999999999996
Jarvis,G14,JV14_19,19,1.0326666666666666,0.10066666666666667,2.0206666666666666,2.2426666666666666,0.065,1.3226666666666667,0.299,0.187,0.08066666666666666,0.07066666666666667,0.19666666666666668,0.025333333333333333,0.05566666666666666,1.6843333333333335,0.4356666666666667,0.050666666666666665,0.13666666666666666,0.21233333333333335,0.17133333333333334,0.01,10.400333333333332,0.16194993750200318,0.19428864459472453,0.21563411429120863,0.006249799685907504,0.12717541104451782,2.57
Jarvis,G14,JV14_20,20,0.872,0.08366666666666667,0.857,1.1436666666666666,0.02,0.8873333333333333,0.207,0.133,0.059333333333333335,0.06433333333333333,0.12333333333333334,0.03966666666666666,0.05433333333333333,1.8173333333333332,0.2663333333333333,0.04933333333333333,0.10833333333333334,0.17733333333333332,0.12333333333333334,0.015,7.101666666666665,0.25590237033560204,0.12067589767660176,0.16104200891809436,0.0028162403191739037,0.12494719549401552,1.217
Jarvis,G14,JV14_21,21,1.1836666666666666,0.08766666666666667,1.1316666666666666,1.3673333333333333,0.06166666666666667,1.086,0.12366666666666666,0.15433333333333335,0.062,0.067,0.175,0.035666666666666666,0.062,2.7696666666666667,0.24700000000000003,0.067,0.14933333333333335,0.206,0.19033333333333333,0.005333333333333334,9.232333333333333,0.299996389500668,0.12257645232335632,0.14810268260100373,0.0066794237643066036,0.11763006823843739,1.6103333333333336
Jarvis,G14,JV14_22,22,0.7736666666666667,0.08066666666666666,0.7583333333333333,0.5213333333333333,0.09999999999999999,0.417,0.176,0.15066666666666667,0.050333333333333334,0.05533333333333333,0.14600000000000002,0.045,0.04566666666666667,1.5010000000000001,0.332,0.07033333333333333,0.15066666666666667,0.13566666666666666,0.12566666666666665,0.015333333333333332,5.650666666666666,0.2656323737612082,0.13420245398773006,0.09226050023596037,0.017697026899480887,0.07379660217083531,1.2356666666666667
Jarvis,G14,JV14_23,23,1.3233333333333333,0.14066666666666666,1.2276666666666667,1.1949999999999998,0.09566666666666666,0.5306666666666666,0.39866666666666667,0.20866666666666667,0.11666666666666667,0.09266666666666666,0.2866666666666667,0.068,0.10200000000000001,2.965666666666667,0.492,0.09666666666666666,0.14266666666666666,0.37866666666666665,0.233,0.014666666666666666,10.109666666666666,0.29334959939331995,0.12143493026476311,0.11820369942958883,0.009462890303010322,0.05249101519997362,1.9593333333333334
Jarvis,G14,JV14_24,24,1.0556666666666668,0.19433333333333333,1.2773333333333334,1.2833333333333334,0.06066666666666667,0.5986666666666667,0.27166666666666667,0.26066666666666666,0.09966666666666667,0.065,0.39366666666666666,0.04933333333333333,0.05466666666666667,6.161666666666666,0.4063333333333333,0.059666666666666666,0.26,0.20933333333333334,0.14466666666666667,0.015,12.921333333333333,0.47685997317098333,0.09885460736766073,0.0993189557321226,0.004695077907336705,0.046331647920751215,2.1866666666666665
