Trait,IC_overlap_n,IC_overlap_genes,J_overlap_n,J_overlap_genes,Shared_IC_J_n,Shared_IC_J_genes
M.IMNTDK,8,Zm00001eb214460; Zm00001eb214470; Zm00001eb214480; Zm00001eb214490; Zm00001eb214500; Zm00001eb214510; Zm00001eb272830; Zm00001eb272840,9,Zm00001eb142080; Zm00001eb142090; Zm00001eb142100; Zm00001eb142110; Zm00001eb142120; Zm00001eb142130; Zm00001eb142140; Zm00001eb142150; Zm00001eb142160,0,None
N.D,7,Zm00001eb060140; Zm00001eb214460; Zm00001eb214470; Zm00001eb214480; Zm00001eb214490; Zm00001eb214500; Zm00001eb214510,10,Zm00001eb132940; Zm00001eb210890; Zm00001eb210900; Zm00001eb210910; Zm00001eb210920; Zm00001eb277110; Zm00001eb277130; Zm00001eb277140; Zm00001eb277150; Zm00001eb277160,0,None
IMNTDK,7,Zm00001eb162390; Zm00001eb162400; Zm00001eb201180; Zm00001eb215490; Zm00001eb215500; Zm00001eb215510; Zm00001eb215520,8,Zm00001eb146530; Zm00001eb146550; Zm00001eb211270; Zm00001eb211280; Zm00001eb211290; Zm00001eb277210; Zm00001eb277230; Zm00001eb277240,0,None
N.T_NYC_,9,Zm00001eb214460; Zm00001eb214470; Zm00001eb214480; Zm00001eb214490; Zm00001eb214500; Zm00001eb214510; Zm00001eb286800; Zm00001eb286820; Zm00001eb286830,5,Zm00001eb277110; Zm00001eb277130; Zm00001eb277140; Zm00001eb277150; Zm00001eb277160,0,None
Q.E,7,Zm00001eb068950; Zm00001eb068960; Zm00001eb068970; Zm00001eb068980; Zm00001eb201190; Zm00001eb413150; Zm00001eb430390,7,Zm00001eb072200; Zm00001eb072210; Zm00001eb072220; Zm00001eb072230; Zm00001eb072240; Zm00001eb073100; Zm00001eb073110,0,None
Total,5,Zm00001eb102180; Zm00001eb397660; Zm00001eb397670; Zm00001eb397680; Zm00001eb397690,9,Zm00001eb071940; Zm00001eb071950; Zm00001eb090140; Zm00001eb090160; Zm00001eb127510; Zm00001eb211190; Zm00001eb211200; Zm00001eb211210; Zm00001eb211220,0,None
D.IMNTDK,8,Zm00001eb060140; Zm00001eb214460; Zm00001eb214470; Zm00001eb214480; Zm00001eb214490; Zm00001eb214500; Zm00001eb214510; Zm00001eb357960,5,Zm00001eb277110; Zm00001eb277130; Zm00001eb277140; Zm00001eb277150; Zm00001eb277160,0,None
K,11,Zm00001eb177630; Zm00001eb215330; Zm00001eb215340; Zm00001eb215350; Zm00001eb215370; Zm00001eb215380; Zm00001eb215390; Zm00001eb215400; Zm00001eb215410; Zm00001eb287240; Zm00001eb287250,1,Zm00001eb131870,0,None
N,7,Zm00001eb060180; Zm00001eb060190; Zm00001eb101960; Zm00001eb101970; Zm00001eb101980; Zm00001eb162480; Zm00001eb287870,4,Zm00001eb132940; Zm00001eb277110; Zm00001eb277130; Zm00001eb277140,0,None
N.Total,6,Zm00001eb214460; Zm00001eb214470; Zm00001eb214480; Zm00001eb214490; Zm00001eb214500; Zm00001eb214510,5,Zm00001eb277110; Zm00001eb277130; Zm00001eb277140; Zm00001eb277150; Zm00001eb277160,0,None
SGC,8,Zm00001eb287060; Zm00001eb287070; Zm00001eb427750; Zm00001eb430440; Zm00001eb430450; Zm00001eb430460; Zm00001eb430470; Zm00001eb430480,3,Zm00001eb132270; Zm00001eb202930; Zm00001eb202940,0,None
N.IMNTDK,3,Zm00001eb286560; Zm00001eb286570; Zm00001eb286580,6,Zm00001eb132890; Zm00001eb277110; Zm00001eb277130; Zm00001eb277140; Zm00001eb277150; Zm00001eb277160,0,None
G,4,Zm00001eb215490; Zm00001eb215500; Zm00001eb215510; Zm00001eb215520,4,Zm00001eb210930; Zm00001eb210940; Zm00001eb210950; Zm00001eb210960,0,None
I,4,Zm00001eb214530; Zm00001eb214540; Zm00001eb214550; Zm00001eb214560,4,Zm00001eb210930; Zm00001eb210940; Zm00001eb210950; Zm00001eb210960,0,None
P,7,Zm00001eb068910; Zm00001eb068930; Zm00001eb068940; Zm00001eb217140; Zm00001eb217150; Zm00001eb217160; Zm00001eb372060,1,Zm00001eb131420,0,None
Q.EHPRQ,8,Zm00001eb217250; Zm00001eb217260; Zm00001eb217270; Zm00001eb217280; Zm00001eb217290; Zm00001eb413150; Zm00001eb420350; Zm00001eb425380,0,None,0,None
R.EHPRQ,5,Zm00001eb346720; Zm00001eb346740; Zm00001eb346750; Zm00001eb351920; Zm00001eb351930,3,Zm00001eb128130; Zm00001eb130410; Zm00001eb130420,0,None
S.W_NYC_,3,Zm00001eb135920; Zm00001eb135930; Zm00001eb135940,5,Zm00001eb135920; Zm00001eb135930; Zm00001eb135940; Zm00001eb235580; Zm00001eb235590,3,Zm00001eb135920; Zm00001eb135930; Zm00001eb135940
C.SGC_NYC_,5,Zm00001eb162340; Zm00001eb215150; Zm00001eb215160; Zm00001eb215170; Zm00001eb215180,2,Zm00001eb128060; Zm00001eb128070,0,None
D,0,None,7,Zm00001eb242960; Zm00001eb242970; Zm00001eb242980; Zm00001eb242990; Zm00001eb243000; Zm00001eb243010; Zm00001eb243020,0,None
I.IVL_NYC_,6,Zm00001eb214370; Zm00001eb214380; Zm00001eb214390; Zm00001eb214400; Zm00001eb214410; Zm00001eb415040,1,Zm00001eb424270,0,None
I.Total,5,Zm00001eb287190; Zm00001eb356010; Zm00001eb356040; Zm00001eb356050; Zm00001eb356060,2,Zm00001eb277040; Zm00001eb277050,0,None
K.IMNTDK,1,Zm00001eb272910,6,Zm00001eb072940; Zm00001eb072950; Zm00001eb072960; Zm00001eb072970; Zm00001eb072980; Zm00001eb132340,0,None
N.K_NYC_,7,Zm00001eb215420; Zm00001eb427790; Zm00001eb427800; Zm00001eb427810; Zm00001eb427820; Zm00001eb427830; Zm00001eb427840,0,None,0,None
WFY,6,Zm00001eb397240; Zm00001eb397250; Zm00001eb397660; Zm00001eb397670; Zm00001eb397680; Zm00001eb397690,1,Zm00001eb237240,0,None
I.IMNTDK_NYC_,6,Zm00001eb214460; Zm00001eb214470; Zm00001eb214480; Zm00001eb214490; Zm00001eb214500; Zm00001eb214510,0,None,0,None
L,3,Zm00001eb345760; Zm00001eb345770; Zm00001eb357970,3,Zm00001eb210990; Zm00001eb211000; Zm00001eb384580,0,None
N.E,6,Zm00001eb214460; Zm00001eb214470; Zm00001eb214480; Zm00001eb214490; Zm00001eb214500; Zm00001eb214510,0,None,0,None
N.M_NYC_,6,Zm00001eb214460; Zm00001eb214470; Zm00001eb214480; Zm00001eb214490; Zm00001eb214500; Zm00001eb214510,0,None,0,None
R,3,Zm00001eb214940; Zm00001eb214950; Zm00001eb272910,3,Zm00001eb072300; Zm00001eb072310; Zm00001eb072320,0,None
T.IMNTDK,6,Zm00001eb214460; Zm00001eb214470; Zm00001eb214480; Zm00001eb214490; Zm00001eb214500; Zm00001eb214510,0,None,0,None
E.R_NYC_,3,Zm00001eb351940; Zm00001eb351950; Zm00001eb352220,2,Zm00001eb128130; Zm00001eb142330,0,None
I.L_NYC_,5,Zm00001eb214370; Zm00001eb214380; Zm00001eb214390; Zm00001eb214400; Zm00001eb214410,0,None,0,None
Q,2,Zm00001eb201180; Zm00001eb413150,3,Zm00001eb012640; Zm00001eb012650; Zm00001eb012660,0,None
T.K_NYC_,2,Zm00001eb286690; Zm00001eb286700,3,Zm00001eb012680; Zm00001eb012690; Zm00001eb142330,0,None
A.E_NYC_,3,Zm00001eb027970; Zm00001eb432680; Zm00001eb432690,1,Zm00001eb384430,0,None
C.SGC,4,Zm00001eb215150; Zm00001eb215160; Zm00001eb215170; Zm00001eb215180,0,None,0,None
E,0,None,4,Zm00001eb131670; Zm00001eb131680; Zm00001eb237480; Zm00001eb237490,0,None
E.K_NYC_,3,Zm00001eb272910; Zm00001eb287240; Zm00001eb287250,1,Zm00001eb142330,0,None
G.SGC_NYC_,1,Zm00001eb178520,3,Zm00001eb073100; Zm00001eb073110; Zm00001eb073120,0,None
K.IMNTDK_NYC_,0,None,4,Zm00001eb210890; Zm00001eb210900; Zm00001eb210910; Zm00001eb210920,0,None
R.Total,4,Zm00001eb272910; Zm00001eb346720; Zm00001eb346740; Zm00001eb346750,0,None,0,None
S.SGC_NYC_,1,Zm00001eb052910,3,Zm00001eb277110; Zm00001eb277130; Zm00001eb277140,0,None
Total_N,4,Zm00001eb060520; Zm00001eb060530; Zm00001eb060540; Zm00001eb060550,0,None,0,None
E.V_NYC_,3,Zm00001eb422400; Zm00001eb432680; Zm00001eb432690,0,None,0,None
F,2,Zm00001eb346570; Zm00001eb346580,1,Zm00001eb175140,0,None
F.WFY,3,Zm00001eb357980; Zm00001eb357990; Zm00001eb358000,0,None,0,None
G.Total,3,Zm00001eb051800; Zm00001eb051810; Zm00001eb083050,0,None,0,None
H,2,Zm00001eb397260; Zm00001eb397270,1,Zm00001eb242260,0,None
H.Q_NYC_,3,Zm00001eb432900; Zm00001eb432910; Zm00001eb432920,0,None,0,None
I.V_NYC_,3,Zm00001eb369980; Zm00001eb369990; Zm00001eb370000,0,None,0,None
N.Q,3,Zm00001eb286610; Zm00001eb286620; Zm00001eb286640,0,None,0,None
R.P_NYC_,3,Zm00001eb346720; Zm00001eb346740; Zm00001eb346750,0,None,0,None
S.Total,2,Zm00001eb173730; Zm00001eb173740,1,Zm00001eb232740,0,None
Y.W_NYC_,2,Zm00001eb060710; Zm00001eb060720,1,Zm00001eb175090,0,None
A,2,Zm00001eb273100; Zm00001eb273120,0,None,0,None
D.K_NYC_,0,None,2,Zm00001eb130400; Zm00001eb142330,0,None
E.Total,0,None,2,Zm00001eb085390; Zm00001eb085400,0,None
F.E_NYC_,2,Zm00001eb179090; Zm00001eb179100,0,None,0,None
I.IVL,2,Zm00001eb060220; Zm00001eb060230,0,None,0,None
I.LAV_NYC_,2,Zm00001eb356950; Zm00001eb356960,0,None,0,None
L.LAV,2,Zm00001eb179130; Zm00001eb179140,0,None,0,None
LAV,2,Zm00001eb273100; Zm00001eb273120,0,None,0,None
M,0,None,2,Zm00001eb073140; Zm00001eb073150,0,None
Q.W_NYC_,2,Zm00001eb060140; Zm00001eb430390,0,None,0,None
R.E_NYC_,1,Zm00001eb162400,1,Zm00001eb128160,0,None
T.M_NYC_,2,Zm00001eb272830; Zm00001eb272840,0,None,0,None
W.F_NYC_,0,None,2,Zm00001eb132340; Zm00001eb132350,0,None
W.Total,2,Zm00001eb397430; Zm00001eb397440,0,None,0,None
D.EHPRQ,0,None,1,Zm00001eb237470,0,None
E.I_NYC_,1,Zm00001eb411080,0,None,0,None
E.W_NYC_,0,None,1,Zm00001eb384430,0,None
EHPRQ,0,None,1,Zm00001eb231440,0,None
H.E_NYC_,0,None,1,Zm00001eb202950,0,None
I.IMNTDK,0,None,1,Zm00001eb237290,0,None
K.Total,1,Zm00001eb272910,0,None,0,None
Q.Total,1,Zm00001eb413150,0,None,0,None
S.SGC,1,Zm00001eb427750,0,None,0,None
T,1,Zm00001eb413150,0,None,0,None
V,0,None,1,Zm00001eb175140,0,None
Y,0,None,1,Zm00001eb184150,0,None
Y.WFY,1,Zm00001eb066990,0,None,0,None
