pool,population,comparison,amino_acid,n_group0,n_group14,mean_group0,mean_group14,p_value,p_adj,raw_sig,bh_sig
FAA,Indian Chief,IC0_vs_IC14,Ala,5,8,0.10272732812222239,0.07797726008768505,0.06727796053834902,0.14950657897410893,,
FAA,Indian Chief,IC0_vs_IC14,Arg,5,8,0.013270568421046087,0.009226398373370855,0.06727796053834902,0.14950657897410893,,
FAA,Indian Chief,IC0_vs_IC14,Asn,5,8,0.141234024596671,0.11644688315102769,0.42075184336693233,0.5610024578225764,,
FAA,Indian Chief,IC0_vs_IC14,Asp,5,8,0.11540683287523747,0.07505031708579421,0.015719980210024603,0.06287992084009841,*,
FAA,Indian Chief,IC0_vs_IC14,Gln,5,8,0.0056001372893700885,0.005983257098134508,0.5100675275575346,0.6375844094469183,,
FAA,Indian Chief,IC0_vs_IC14,Glu,5,8,0.14037733319151213,0.06193806343781985,0.006766500035059647,0.06287992084009841,**,
FAA,Indian Chief,IC0_vs_IC14,Gly,5,8,0.013956191624002757,0.016364691473877212,0.42075184336693233,0.5610024578225764,,
FAA,Indian Chief,IC0_vs_IC14,His,5,8,0.015389505314384941,0.01249425281117532,0.6084078002329985,0.715773882627057,,
FAA,Indian Chief,IC0_vs_IC14,Ile,5,8,0.00613748590422123,0.003746702799289439,0.010414994659063275,0.06287992084009841,*,
FAA,Indian Chief,IC0_vs_IC14,Leu,5,8,0.006688253536937576,0.005349209427633342,0.06727796053834902,0.14950657897410893,,
FAA,Indian Chief,IC0_vs_IC14,Lys,5,8,0.029321521523878166,0.03181830884762867,0.9416529301610359,0.9416529301610359,,
FAA,Indian Chief,IC0_vs_IC14,Met,5,8,0.00368108587066495,0.0023891431782009508,0.09229233903407325,0.1678042527892241,,
FAA,Indian Chief,IC0_vs_IC14,Phe,5,8,0.004984887732311254,0.004084780750002211,0.12428287406255237,0.20713812343758728,,
FAA,Indian Chief,IC0_vs_IC14,Pro,5,8,0.3203772994368836,0.5193540329081754,0.015719980210024603,0.06287992084009841,*,
FAA,Indian Chief,IC0_vs_IC14,Ser,5,8,0.019354106223840165,0.016458067031709038,0.7143930376343264,0.7519926711940277,,
FAA,Indian Chief,IC0_vs_IC14,Trp,5,8,0.007626226032605312,0.004522197519568446,0.09229233903407325,0.1678042527892241,,
FAA,Indian Chief,IC0_vs_IC14,Thr,5,8,0.013083760731245321,0.009626843193158414,0.06727796053834902,0.14950657897410893,,
FAA,Indian Chief,IC0_vs_IC14,Tyr,5,8,0.02405343512297218,0.015956763460872776,0.21339925437636273,0.3283065451944042,,
FAA,Indian Chief,IC0_vs_IC14,Val,5,8,0.016287076895415233,0.01068211236081327,0.015719980210024603,0.06287992084009841,*,
FAA,Indian Chief,IC0_vs_IC14,Cys,5,8,4.4293955457812935e-4,5.307150040633351e-4,0.7065818731604263,0.7519926711940277,,
FAA,Jarvis,JV0_vs_JV14,Ala,3,8,0.08780240508054163,0.115158905159609,0.12578642463893996,0.3593897846826856,,
FAA,Jarvis,JV0_vs_JV14,Arg,3,8,0.010942414520703533,0.011368651277978438,0.4749585398895067,0.5936981748618834,,
FAA,Jarvis,JV0_vs_JV14,Asn,3,8,0.12673925148329668,0.12595034716166842,0.4749585398895067,0.5936981748618834,,
FAA,Jarvis,JV0_vs_JV14,Asp,3,8,0.0749678895624214,0.13680100404622453,0.01890354301112135,0.3593897846826856,*,
FAA,Jarvis,JV0_vs_JV14,Gln,3,8,0.025799231169680928,0.007335542739511964,1,1,,
FAA,Jarvis,JV0_vs_JV14,Glu,3,8,0.08114494403797805,0.08743506287561269,0.9187074054282888,0.9670604267666197,,
FAA,Jarvis,JV0_vs_JV14,Gly,3,8,0.015486380471394045,0.025071003695762293,0.12578642463893996,0.3593897846826856,,
FAA,Jarvis,JV0_vs_JV14,His,3,8,0.013068493942933662,0.018445033961557826,0.3583264667488803,0.5936981748618834,,
FAA,Jarvis,JV0_vs_JV14,Ile,3,8,0.004684134868100371,0.007898590572130288,0.08273102231510242,0.3593897846826856,,
FAA,Jarvis,JV0_vs_JV14,Leu,3,8,0.0064476625360088,0.007609296613107329,0.3583264667488803,0.5936981748618834,,
FAA,Jarvis,JV0_vs_JV14,Lys,3,8,0.02016056247319641,0.021592519073988247,0.4749585398895067,0.5936981748618834,,
FAA,Jarvis,JV0_vs_JV14,Met,3,8,0.002624142146862294,0.005089307186629362,0.12578642463893996,0.3593897846826856,,
FAA,Jarvis,JV0_vs_JV14,Phe,3,8,0.006463883216292807,0.0068505649335377115,0.6098340436734594,0.7174518160864228,,
FAA,Jarvis,JV0_vs_JV14,Pro,3,8,0.45499022071428297,0.32207020451562757,0.1845725528398829,0.46143138209970724,,
FAA,Jarvis,JV0_vs_JV14,Ser,3,8,0.023614698009356387,0.035130979768258755,0.26157223601394936,0.5812716355865541,,
FAA,Jarvis,JV0_vs_JV14,Trp,3,8,0.006015796958731183,0.0078082015729509765,0.3583264667488803,0.5936981748618834,,
FAA,Jarvis,JV0_vs_JV14,Thr,3,8,0.011951348375710241,0.01638560116228127,0.4749585398895067,0.5936981748618834,,
FAA,Jarvis,JV0_vs_JV14,Tyr,3,8,0.013975959231694712,0.022874940920390496,0.12578642463893996,0.3593897846826856,,
FAA,Jarvis,JV0_vs_JV14,Val,3,8,0.011904789046183535,0.01773000867523089,0.12578642463893996,0.3593897846826856,,
FAA,Jarvis,JV0_vs_JV14,Cys,3,8,0.0012157921546303483,0.001394234087942012,0.7594628653799336,0.8438476281999262,,
PBAA,Indian Chief,IC0_vs_IC14,Ala,5,8,0.11732068077204245,0.11567919539283268,0.3413493139547589,0.7620192401432815,,
PBAA,Indian Chief,IC0_vs_IC14,Arg,5,8,0.024904174461769197,0.02584060645946789,0.7143930376343264,0.7620192401432815,,
PBAA,Indian Chief,IC0_vs_IC14,Asx,5,8,0.04711568643959304,0.04982729718142555,0.09229233903407325,0.5690646783369673,,
PBAA,Indian Chief,IC0_vs_IC14,Glx,5,8,0.17550589658861637,0.16459695141449684,0.06727796053834902,0.5690646783369673,,
PBAA,Indian Chief,IC0_vs_IC14,Gly,5,8,0.06660882807163279,0.07152601674728072,0.21339925437636273,0.5690646783369673,,
PBAA,Indian Chief,IC0_vs_IC14,His,5,8,0.024682376754405634,0.023823606988743626,0.6084078002329985,0.7620192401432815,,
PBAA,Indian Chief,IC0_vs_IC14,Ile,5,8,0.0427830401562079,0.04382991672293858,0.9416529301610359,0.9416529301610359,,
PBAA,Indian Chief,IC0_vs_IC14,Leu,5,8,0.11633562255879165,0.11381349803434904,0.6084078002329985,0.7620192401432815,,
PBAA,Indian Chief,IC0_vs_IC14,Lys,5,8,0.024785026330924678,0.02865888648638136,0.21339925437636273,0.5690646783369673,,
PBAA,Indian Chief,IC0_vs_IC14,Met,5,8,0.015596097656082736,0.01638401478953506,0.7143930376343264,0.7620192401432815,,
PBAA,Indian Chief,IC0_vs_IC14,Phe,5,8,0.03766041491611729,0.03762403152269414,0.7143930376343264,0.7620192401432815,,
PBAA,Indian Chief,IC0_vs_IC14,Pro,5,8,0.11019428806679832,0.10901265007527339,0.5100675275575346,0.7620192401432815,,
PBAA,Indian Chief,IC0_vs_IC14,Ser,5,8,0.06483394970506813,0.06439500835094807,0.6084078002329985,0.7620192401432815,,
PBAA,Indian Chief,IC0_vs_IC14,Thr,5,8,0.05584071934241039,0.057967145225689416,0.5100675275575346,0.7620192401432815,,
PBAA,Indian Chief,IC0_vs_IC14,Tyr,5,8,0.025970845907177898,0.025043623925780828,0.16432927953806642,0.5690646783369673,,
PBAA,Indian Chief,IC0_vs_IC14,Val,5,8,0.049862352272361646,0.051977550682162754,0.16432927953806642,0.5690646783369673,,
PBAA,Jarvis,JV0_vs_JV14,Ala,3,8,0.12018682961987719,0.11540117154823784,0.12578642463893996,0.837031155244638,,
PBAA,Jarvis,JV0_vs_JV14,Arg,3,8,0.022164128687261645,0.022753050782354,1,1,,
PBAA,Jarvis,JV0_vs_JV14,Asx,3,8,0.04839769409386561,0.04653298183552387,0.26157223601394936,0.837031155244638,,
PBAA,Jarvis,JV0_vs_JV14,Glx,3,8,0.17115927877223722,0.16793908445026276,0.7594628653799336,0.9347235266214567,,
PBAA,Jarvis,JV0_vs_JV14,Gly,3,8,0.06188934722863831,0.06758453557272995,0.3583264667488803,0.9347235266214567,,
PBAA,Jarvis,JV0_vs_JV14,His,3,8,0.022820848244626823,0.024648743912082494,0.26157223601394936,0.837031155244638,,
PBAA,Jarvis,JV0_vs_JV14,Ile,3,8,0.047686499890098856,0.04508184821882451,0.6098340436734594,0.9347235266214567,,
PBAA,Jarvis,JV0_vs_JV14,Leu,3,8,0.1259658404093532,0.12182191934949056,0.6098340436734594,0.9347235266214567,,
PBAA,Jarvis,JV0_vs_JV14,Lys,3,8,0.024229939080063597,0.026694830501163485,1,1,,
PBAA,Jarvis,JV0_vs_JV14,Met,3,8,0.015405512728074836,0.014884160485199369,0.9187074054282888,1,,
PBAA,Jarvis,JV0_vs_JV14,Phe,3,8,0.03898168726972962,0.03827946306009339,0.7594628653799336,0.9347235266214567,,
PBAA,Jarvis,JV0_vs_JV14,Pro,3,8,0.10599462900197588,0.10768915920444325,0.7594628653799336,0.9347235266214567,,
PBAA,Jarvis,JV0_vs_JV14,Ser,3,8,0.06366028192972224,0.06350428885532261,0.6098340436734594,0.9347235266214567,,
PBAA,Jarvis,JV0_vs_JV14,Thr,3,8,0.05506023618215856,0.05846318560265761,0.26157223601394936,0.837031155244638,,
PBAA,Jarvis,JV0_vs_JV14,Tyr,3,8,0.0257124452568495,0.02523691947768218,0.7594628653799336,0.9347235266214567,,
PBAA,Jarvis,JV0_vs_JV14,Val,3,8,0.05068480160546691,0.05348465714393209,0.08273102231510242,0.837031155244638,,
