trait,n_obs,n_taxa,n_year,reps_per_env,Vg,VgE,Ve,H2_line_mean,H2_Cullis,Vg_log,VgE_log,Ve_log,H2_log,H2_log_Cullis,singular,status
Ala,988,279,2,1.7673640167364,202.046727734969,34.172699714695,259.52406150613,0.690629828691008,0.674996436686052,0.0133380189634837,0.00328608729681003,0.0187383997968752,0.657618959910719,0.641622119063868,TRUE,ok
Arg,988,279,2,1.7673640167364,4.25665948299684,0.134650186237797,10.421387297175,0.585327477763957,0.57307521289873,0.0114525483155713,0.000570595108843313,0.0311068732185739,0.557621699341171,0.545820135864971,FALSE,ok
Asx,988,279,2,1.7673640167364,48.3430638042293,6.48324824827081,68.8035073626947,0.680411978886477,0.665446640376601,0.0129956050008797,0.00255206055323861,0.0211527463453209,0.641571361973934,0.626663756439932,FALSE,ok
Glx,988,279,2,1.7673640167364,59.169899910751,9.89626564826232e-08,515.815205338925,0.288496117426637,0.284237100106386,0.00538375667106002,0,0.0196157026292329,0.492423669299693,0.482805821007341,TRUE,ok
His,988,279,2,1.7673640167364,3.54792461435487,1.97717161097863e-09,10.7764911459157,0.537835574251256,0.527109723257877,0.00750881516875243,0.000628001888011627,0.0185887627874312,0.573993358589781,0.561467739372565,TRUE,ok
Ile,988,279,2,1.7673640167364,42.9729660212878,2.69414320551588,68.4444813126898,0.674789915427756,0.660782580611598,0.0187677387839889,0.0026135591043643,0.0314818109370664,0.647588822539579,0.633036841077188,FALSE,ok
Leu,988,279,2,1.7673640167364,269.088044600752,46.899735672701,332.144777388179,0.696210136382454,0.680243149389794,0.0170789781051665,0.0039218266815859,0.0219199437817965,0.676630953608479,0.660267178641118,TRUE,ok
Lys,988,279,2,1.7673640167364,4.59153479710512,1.06146460356521e-08,16.4673000915895,0.496368590009931,0.48688913894873,0.0138320980435979,0,0.0320578662630564,0.603982209450106,0.591924929290432,TRUE,ok
Met,988,279,2,1.7673640167364,0.100296222621364,0,77702.4553182337,4.56251029389823e-06,4.56653226266202e-06,0.0379639002695274,0,0.0826223139657437,0.618926035734814,0.606449890921278,TRUE,ok
Phe,988,279,2,1.7673640167364,37.8029638670501,0,107.624258306187,0.553884377524065,0.542788650335367,0.0186178657109766,0.000345085898735224,0.0439385072276938,0.596326456587257,0.584076441283045,TRUE,ok
Pro,988,279,2,1.7673640167364,80.2320478204745,16.031182518374,172.806016273593,0.585055860974065,0.570958392104198,0.00935353716677296,0.00227631013467842,0.0186149717944977,0.593573812804133,0.578786027725535,FALSE,ok
Ser,988,279,2,1.7673640167364,39.1169383524727,5.92969978979086,91.5861883619218,0.575315254013193,0.561994665677425,0.00916193642195288,0.00232861004072922,0.0240773815344863,0.534600694037076,0.521440059868566,FALSE,ok
Thr,988,279,2,1.7673640167364,34.2662012934923,3.92629898091311,82.2323731197431,0.575965647640624,0.563072536126837,0.0128943628789728,0.00285582159700559,0.0398715581370034,0.50364228759955,0.491774155377439,TRUE,ok
Tyr,988,279,2,1.7673640167364,8.82689304608382,0.676633333653427,16.9969053903324,0.631676457172347,0.619786118843915,0.0155055125896247,0.00199477863289838,0.0294942013023599,0.624039030277573,0.612093318081175,TRUE,ok
Val,988,279,2,1.7673640167364,24.8655735352277,3.44854690682702,49.9947989231258,0.610441769748492,0.596555654808853,0.00852408275822515,0.00207173815753115,0.0214358210707625,0.545565741682248,0.532296372320796,TRUE,ok
Ala/Total,988,279,2,1.7673640167364,1.33609918955037e-05,4.89038609474937e-06,5.37162715888842e-05,0.430959356703218,0.420512114164178,0.000726440543217389,0.000243725504819198,0.0135895536575371,0.154796125389632,0.152985376230802,FALSE,ok
Arg/Total,988,279,2,1.7673640167364,5.38453599094311e-06,3.25749736822701e-07,9.26860355488932e-06,0.659096984259997,0.645026507998706,0.00765909276193292,0.000277366944840772,0.0325372124081014,0.450460998205488,0.441661168004993,FALSE,ok
Asx/Total,988,279,2,1.7673640167364,2.10253973441016e-05,0,2.47074883831553e-05,0.750496322092538,0.736771685862282,0.00275271125055134,0.000153508306145733,0.0154928483194269,0.381658210110182,0.374826114784291,TRUE,ok
Glx/Total,988,279,2,1.7673640167364,1.2449475539347e-05,1.16577353292367e-13,0.00016612655324596,0.209418350669867,0.206913186921908,0.000736138450462587,4.89688465079133e-12,0.00862714987338037,0.231721710010987,0.228753263435446,TRUE,ok
His/Total,988,279,2,1.7673640167364,4.77682730575231e-06,2.15698789930786e-07,1.00826898406968e-05,0.617389104274267,0.604382246364304,0.00732309226735967,1.08855612659124e-10,0.0216990759716845,0.543985839674867,0.533139534734907,TRUE,ok
Ile/Total,988,279,2,1.7673640167364,5.17127515303573e-06,0,2.39197375524099e-05,0.433165305688205,0.42536670190575,0.00186894421992562,2.0257229780546e-11,0.0199720845120797,0.248556566817794,0.245398953042502,TRUE,ok
Leu/Total,988,279,2,1.7673640167364,3.91820909857472e-05,0,7.329890599443e-05,0.653918958858323,0.640803502678347,0.00204919047280723,0,0.0151946716892741,0.322815319491013,0.31772942539561,TRUE,ok
Lys/Total,988,279,2,1.7673640167364,6.90373987460844e-06,5.40711697060588e-08,1.45064586812407e-05,0.625635875829786,0.612953108889624,0.0113103032318899,0.00149566676467474,0.0318843079961522,0.53658168915586,0.524542389431152,FALSE,ok
Met/Total,988,279,2,1.7673640167364,1.26157619137988e-05,0,0.000806287204347689,0.0524084025172012,0.0522228302436712,0.0287796633008473,0.000635920480447178,0.0320839798430218,0.753899314544214,0.73967904706982,TRUE,ok
Phe/Total,988,279,2,1.7673640167364,6.26094416674114e-06,0,6.72480014949635e-05,0.247606262565125,0.244305194993979,0.00233018036494958,1.17046181242951e-11,0.0311080201430606,0.209344085267409,0.206857535877271,TRUE,ok
Pro/Total,988,279,2,1.7673640167364,2.10663151956454e-05,3.90120448527021e-06,7.90444194189226e-05,0.464228924551534,0.453873415026959,0.00209080221909291,0.000146195921517847,0.0170745987588845,0.298924015207835,0.294154675857366,TRUE,ok
Thr/Total,988,279,2,1.7673640167364,3.75683118917356e-06,2.94938547040954e-07,4.73335105391839e-05,0.217216994754216,0.21439687325099,0.000844539602548412,0.000599921283685872,0.0277526333151066,0.0938802932659137,0.092945840029448,FALSE,ok
Tyr/Total,988,279,2,1.7673640167364,7.89760208725767e-07,1.83342256411707e-07,1.2071898305517e-05,0.183808011487568,0.181476689090817,0.000949509530811076,3.12424775609144e-08,0.0247130911516008,0.119569974401402,0.118612574539526,FALSE,ok
Val/Total,988,279,2,1.7673640167364,6.94535665081488e-06,0,1.32206646774442e-05,0.649974831207005,0.636936046525198,0.00173843118199491,0,0.016032190634596,0.277082629053049,0.273125873422982,TRUE,ok
A/X,988,279,2,1.7673640167364,0.0168591619573324,0.00124510189119333,0.023657270541249,0.697393721594791,0.682738208129271,0.00515201043792035,0.00033256695437588,0.00542047691594222,0.751922280408311,0.737119970573479,TRUE,ok
F/Z,988,279,2,1.7673640167364,0.000652708217342381,0,0.00747667461037193,0.235812380203327,0.232759689527937,0.00349316208719227,1.80144416919829e-11,0.0409819835940322,0.231530578822407,0.228569060196322,TRUE,ok
H/M,988,279,2,1.7673640167364,0.107187412703901,0,0.286202485465976,0.569672633581341,0.558232665983507,0.0386280738243121,8.03672028360694e-11,0.0862067076916757,0.612982786291869,0.600616556132787,TRUE,ok
H/X,988,279,2,1.7673640167364,0.00139624349942299,0,0.00676665477082628,0.42175207709742,0.414157804992515,0.0123406163026945,0,0.0164985837172428,0.725569292394822,0.711840335113915,TRUE,ok
H/Z,988,279,2,1.7673640167364,0.000214275790149106,1.25558044289357e-05,0.00130299474292244,0.363684590986258,0.357218132829175,0.00599858365227205,0.000122187634017582,0.0200349374658583,0.511488258979626,0.50118954034893,FALSE,ok
I/L,988,279,2,1.7673640167364,0.000144388481945201,2.16320835222999e-10,0.00291890691888877,0.148828272691943,0.147438485060956,0.00152736171039908,0,0.00860964120795806,0.385396561502127,0.378664201996761,FALSE,ok
I/V,988,279,2,1.7673640167364,0.00382503072262158,5.13749371131724e-10,0.0185725240080093,0.4212898982412,0.413693744786436,0.00481924580120942,0,0.0102773286156701,0.623707194452494,0.61116248641168,FALSE,ok
L/V,988,279,2,1.7673640167364,0.0537828296616185,0,0.0606364167811487,0.758174096245944,0.744543984408649,0.00751758223905354,0,0.00556636462780173,0.826803284170179,0.813771808247531,TRUE,ok
M/I,988,279,2,1.7673640167364,0.0486476631140875,0.000296295982051701,280.826543348732,0.000611946107752062,0.000612745542507232,0.0315789660788157,0.00194547567454529,0.07067874526014,0.600963481907554,0.588102979305297,FALSE,ok
M/K,988,279,2,1.7673640167364,0,0.000524383844131546,1703.2762377368,0,,0.038932668925445,0.000767709612938752,0.0976195755500355,0.581659288293173,0.569683742497485,TRUE,ok
R/P,988,279,2,1.7673640167364,0.000478060599151139,0.000120780156993858,0.00153399454895139,0.491615027360037,0.479814222633008,0.00943292636343113,0.00107266755320243,0.0283224211244496,0.524579631466033,0.51300257349191,FALSE,ok
R/Z,988,279,2,1.7673640167364,0.000332173447907668,7.36966268780348e-06,0.000993778517222895,0.53836394612181,0.527336969194927,0.00849839572566632,3.06737459946953e-07,0.0412698477213005,0.421253072477995,0.413522442374363,FALSE,ok
T/I,988,279,2,1.7673640167364,0.00646459601911244,0,0.0238708815386314,0.489081114549966,0.479563257530167,0.00370259613790558,0.000207477805739567,0.0166920859944573,0.434136439384544,0.425668217506511,TRUE,ok
T/K,988,279,2,1.7673640167364,0.0848175475367072,0,0.237364563584282,0.55812147175801,0.547020536982894,0.0122802712636448,0,0.0309632093111318,0.583663470713812,0.571961514132316,TRUE,ok
T/Z,988,279,2,1.7673640167364,0.000547938989832384,7.80680864155666e-10,0.00532240497312479,0.266807572282125,0.263055478520123,0.00259929910066107,0.000957007618728228,0.0373728931321839,0.190412799122242,0.187700743514968,FALSE,ok
V/A,988,279,2,1.7673640167364,0.000826182058977743,5.29604394102624e-05,0.00187234066631672,0.59766016387353,0.584871763661803,0.00438967597249552,1.08150239241592e-11,0.00755942605610127,0.67240803000103,0.659099277268093,TRUE,ok
X/K,988,279,2,1.7673640167364,0.1098384703406,0.014921702682124,0.152221547806421,0.684932675455689,0.669516002408317,0.0093315542488544,0.000654284075478656,0.0142892724404904,0.681073985371954,0.666601936343967,FALSE,ok
Z/I,988,279,2,1.7673640167364,0.0323152142304069,0.00527798949839742,1.45582262005254,0.072323168210275,0.0718675598192261,0.00491827881919672,0,0.032298866277487,0.349909477554202,0.344104967275324,TRUE,ok
Z/K,988,279,2,1.7673640167364,0.208280789901315,0.239423264713051,8.52590427632078,0.0760139962213566,0.075250915339196,0.0127970524265821,0.00123966826648944,0.0312223402771405,0.575150715727084,0.562407571194698,FALSE,ok
Z/P,988,279,2,1.7673640167364,0.00687451425426516,1.61110275929652e-06,0.25355696528468,0.0874526560606487,0.0868891693005962,0.00302592571961937,0,0.015212810877565,0.412828554091847,0.405344264875583,TRUE,ok
Z/R,988,279,2,1.7673640167364,0.145666013881373,0.190770322931057,14.4623161287914,0.0336213544063117,0.0334179560948911,0.00845715817631905,0.000128095208057135,0.0411850034408845,0.419236966244657,0.411456827803755,FALSE,ok
Z/V,988,279,2,1.7673640167364,0.00708179368535345,0.0119299842011971,1.14216205630925,0.0210659423102803,0.0209625714848684,0.0027733316281914,2.32583653242897e-08,0.0221661110045997,0.306638764818831,0.301928986520371,TRUE,ok
FY,988,279,2,1.7673640167364,82.7073016093661,6.23787903122625e-08,175.692311059081,0.624621265612443,0.612121169518642,0.0175174999133172,0.000820035554824988,0.0338726875400908,0.636760464313184,0.623455661162715,TRUE,ok
Y/F,988,279,2,1.7673640167364,0.000456024312507862,9.03031636043575e-12,0.00733977498034034,0.180068866963697,0.178130577493483,0.00159504215553826,0,0.0264296583700939,0.175816802244287,0.173955189142347,TRUE,ok
F/FY,988,279,2,1.7673640167364,8.82692611951086,0.676779787993789,16.9967807297351,0.631675612981035,0.619785113868316,0.0142345824502973,0.00178653255593585,0.0268604113328846,0.62633321125218,0.61438445667898,TRUE,ok
Y/FY,988,279,2,1.7673640167364,7.87006200483951e-05,0,0.00128396567707371,0.178078363850635,0.176175934850605,0.000694477839970689,2.44583009753914e-12,0.0117188985295414,0.173193465734298,0.171378684020634,TRUE,ok
IVL,988,279,2,1.7673640167364,730.947227002127,127.675201974942,1022.81628373381,0.674214182898533,0.658613322891814,0.0139774721800033,0.00350675857311983,0.0209873439913955,0.645064813882454,0.62909449499376,TRUE,ok
I/IVL,988,279,2,1.7673640167364,2.4615387898348e-05,0,0.000262695278777589,0.248806723762329,0.245485935091179,0.000735639675725928,0,0.00464933289509699,0.358679008626094,0.352656832095937,TRUE,ok
V/IVL,988,279,2,1.7673640167364,0.000206435724982319,0,0.000160971914589742,0.819267936618671,0.806051348979915,0.00374502833570676,6.76548840510719e-13,0.00357141640373543,0.787530437017224,0.773927017809941,TRUE,ok
L/IVL,988,279,2,1.7673640167364,0.000208934897120448,0,0.000264460126140482,0.736327769768643,0.722513995139914,0.000657182519084366,0,0.000957221670178767,0.708180419109468,0.694514225442644,TRUE,ok
LAV,988,279,2,1.7673640167364,1209.59778362188,219.601304707543,1571.3612642916,0.685733303224559,0.669909507842336,0.013115206499858,0.00331777214858871,0.0183311467109573,0.657070987534317,0.640877743881481,TRUE,ok
L/LAV,988,279,2,1.7673640167364,9.90775195833554e-05,0,0.000239413822784273,0.593956406537717,0.581933389182015,0.000571249929069202,0,0.00156866404686068,0.562787697052514,0.55145139847456,TRUE,ok
A/LAV,988,279,2,1.7673640167364,1.28346096969317e-05,1.5223081244126e-05,0.000267614825276848,0.133476520082699,0.131381645009887,7.86725464003476e-05,0.000110124707266324,0.00178209639096476,0.123329991732523,0.121372406862172,FALSE,ok
V/LAV,988,279,2,1.7673640167364,0.000120130813473924,0,8.60038027395448e-05,0.831574322539885,0.818684410704398,0.00393227222091087,0,0.00366108315759356,0.791517146965157,0.77803660846006,TRUE,ok
I/LAV,988,279,2,1.7673640167364,2.54215294416328e-05,0,0.000187273339627043,0.32424384188083,0.319133391705849,0.00127080667448852,0,0.00715375041047404,0.385717776819542,0.379000032089126,TRUE,ok
ZHPR,988,279,2,1.7673640167364,369.110576344577,0,1112.54350474517,0.539748076512267,0.528972404179961,0.0060215693630513,0.000338325754530403,0.0154519751089497,0.570105210548296,0.557983884339702,TRUE,ok
Z/ZHPR,988,279,2,1.7673640167364,0.000166515675273316,0,0.000694461151140617,0.458741426017829,0.450009235175589,0.000804575648986292,0,0.00280406879519015,0.503531084499512,0.493620258410805,TRUE,ok
H/ZHPR,988,279,2,1.7673640167364,2.05089193410763e-05,6.14396336561263e-06,0.000116157419008804,0.363358413675367,0.355668432064114,0.00295764440393717,0.000436402950941992,0.0118971424654486,0.452126304837862,0.442462425191495,TRUE,ok
R/ZHPR,988,279,2,1.7673640167364,4.5858126933247e-05,6.78993219976211e-06,0.000126633843397142,0.53900819885991,0.52668422582409,0.00607219064067078,0.000758888688400193,0.0278114614309603,0.424044614484825,0.415373601007996,FALSE,ok
P/ZHPR,988,279,2,1.7673640167364,0.000129702519079011,7.64618550245023e-12,0.000528206223967405,0.464657305899618,0.455773076877041,0.00102993033916971,0,0.00679800768168217,0.348758223677777,0.342982896244778,FALSE,ok
X/ZHPR,988,279,2,1.7673640167364,0.000341793763397155,1.16069378958356e-05,0.000592917737561436,0.663242011018232,0.649674201415148,0.00454262185610381,0.000596710939271339,0.0125208621356218,0.541870810477679,0.529774041154473,FALSE,ok
IMTXK,988,279,2,1.7673640167364,24.2017868836176,0,77085.7653964448,0.00110853025814097,0.00110897994881731,0.0108491092078333,0,0.0417609026423226,0.478702588797149,0.469690973414916,TRUE,ok
I/IMTXK,988,279,2,1.7673640167364,0.000159557896686363,0,0.000389555320741715,0.591467996384153,0.579563820117452,0.00301407693437479,0,0.0294452697585809,0.265689566086475,0.262075370663839,TRUE,ok
M/IMTXK,988,279,2,1.7673640167364,0.000164602026641737,1.58161642154806e-05,0.000913177584873543,0.382036118787112,0.374894031221336,0.028273578487735,0.00127729113322431,0.0205503222720145,0.814189113715179,0.800040358378229,FALSE,ok
T/IMTXK,988,279,2,1.7673640167364,8.72725756155011e-05,0,0.000521881523987908,0.371504483497537,0.365126657505239,0.00118921747719934,9.21925611415167e-05,0.0316658422890548,0.116660763664829,0.115687821432783,TRUE,ok
X/IMTXK,988,279,2,1.7673640167364,0.000193670634797096,0,0.000415808900077471,0.622123108617547,0.609550265644822,0.00145014845975439,0,0.0260825117807052,0.164246859675164,0.162619105956371,TRUE,ok
K/IMTXK,988,279,2,1.7673640167364,9.43832277524671e-05,0,0.000194099739045994,0.632190957806342,0.619505188517058,0.00692017534367776,0.000561271295437247,0.0413262986310224,0.366295720537671,0.359673712607436,TRUE,ok
V80,0,,,,,,,,,,,,,,,too few
