trait,n_obs,n_taxa,n_year,reps_per_env,Vg,VgE,Ve,H2_line_mean,H2_Cullis,Vg_log,VgE_log,Ve_log,H2_log,H2_log_Cullis,singular,status,source,n,h2_log,h2_lo,h2_hi,perm_null,reliable,ratio
A,1001,280.0,2.0,1.7893850042123,1.13071514011999,0.539074311598959,1.07655189516272,0.664708776456113,0.646235970606605,0.19120944593879,0.0756774402875077,0.211089049436893,0.663848265394838,0.645907651973484,False,ok,FAA,272,0.94148149758086,0.5760219667821789,1.0,0.0366157891700299,True,1.4182179071009453
R,1001,280.0,2.0,1.7893850042123,0.0574928985550131,0.0,0.0763813231719027,0.729274023785387,0.714597204020656,0.257333474314447,0.0163738589144866,0.236019096137641,0.776339733125168,0.760848372294477,True,ok,FAA,272,0.6610597862737102,0.3771758859558979,0.8971252457606653,0.0270527092200235,True,0.851508377154166
N,1001,280.0,2.0,1.7893850042123,6.46811015887114,0.104420317513979,7.39098717404856,0.753371546346338,0.738475639652597,0.454751601934358,0.0206780399197545,0.299854518225883,0.828511779399765,0.814131451930089,True,ok,FAA,272,0.6843340516877612,0.4195696036762634,0.9201224143393516,0.0097128391696441,True,0.8259798698137318
D,1001,280.0,2.0,1.7893850042123,1.01292539685682,4.38152909911378e-10,0.621361177653893,0.853673016270478,0.840659785873032,0.22759516910968,0.0191572408033226,0.153961412093621,0.812275499430722,0.797095574200966,True,ok,FAA,272,0.8430825260329194,0.4900782174027458,1.0,0.0075053483631487,True,1.0379268199321392
Q,1001,280.0,2.0,1.7893850042123,0.178561228769772,0.110643615066121,0.188231080366816,0.623294697396523,0.606562807959792,0.354107153413033,0.0646104864054359,0.448441699317062,0.691996006230325,0.676748509456228,True,ok,FAA,272,0.8511917568997954,0.4762715149273805,1.0,0.0156606979294878,True,1.2300529905319764
E,1001,280.0,2.0,1.7893850042123,0.257861920875763,0.108849442472306,0.668382737135568,0.51670568846205,0.502456676686083,0.0784928378731413,0.0161354954410425,0.131323238398587,0.636829470457423,0.62103869499805,True,ok,FAA,272,0.5927404511246015,0.1731382414576657,0.9652379545138948,0.0094555975098913,True,0.9307679349368785
G,987,280.0,2.0,1.75593594699061,0.344661984800091,0.0262622042786109,0.515563161433328,0.683041508820189,0.668014447281499,0.190865140620471,0.105502311725467,0.569290909084256,0.470434476872228,0.457099324768841,False,ok,FAA,272,0.2707036696332363,0.091003658363909,0.5355024117529024,0.0099761936599278,True,0.5754333131216498
H,1001,280.0,2.0,1.7893850042123,0.012252679871225,0.0025487050216716,0.0131638465433767,0.712143671054275,0.695262943306376,0.180789644517798,0.0100436825344804,0.154994112156999,0.789058157446897,0.774055874386119,False,ok,FAA,272,0.6861952286095647,0.3722772180059542,0.9387094551801932,0.0353421439680893,True,0.8696383430466532
I,1001,280.0,2.0,1.7893850042123,0.0045847128837703,0.0027956780394305,0.0041271683960749,0.642495627549416,0.623794646535997,0.237595569573831,0.0820904588816539,0.252753270829432,0.680270065414621,0.662852809369539,True,ok,FAA,272,0.442140964191768,0.1766639009320185,0.8118229978230685,0.0285141092922644,True,0.6499491697055425
L,1001,280.0,2.0,1.7893850042123,0.0057749390706784,0.0014234977402822,0.0060573340606171,0.706046452195668,0.689802678241344,0.202565438911824,0.0197858576508987,0.232192290541373,0.730389722721489,0.714668440308652,False,ok,FAA,272,0.303416936389096,0.0954557833756689,0.6805539359088315,0.0321079532463241,True,0.41541786110919093
K,1001,280.0,2.0,1.7893850042123,0.0947172613131259,0.0166196298838485,0.0466400949681593,0.81610941308624,0.800649867345689,0.367999333237406,0.0014392698029011,0.181797379301023,0.877195967861478,0.865491802597961,False,ok,FAA,272,0.7290248920864655,0.4680358111103541,0.9260467905642914,0.0307839000440935,True,0.8310855484935256
M,1001,280.0,2.0,1.7893850042123,0.0030277692274618,0.0,0.0407368195466839,0.210105923895813,0.207468352154103,0.364419877937659,0.0448445382359899,0.296683089210623,0.775785647221725,0.760418617289435,True,ok,FAA,272,0.457246810481703,0.1863519785680935,0.8079479726820891,0.0081750469811024,True,0.5893983887420627
F,1001,280.0,2.0,1.7893850042123,0.0033819668684118,4.16078669545882e-05,0.0034926067420316,0.772368752336248,0.758742752567689,0.191609860817321,1.06609662057596e-07,0.192239552060411,0.781039990479655,0.767753536766427,True,ok,FAA,272,0.4313124794229362,0.1811067354787687,0.7470502075445705,0.0183154584571269,True,0.5522284193899689
P,1001,280.0,2.0,1.7893850042123,4.69450232606082,0.477899647132983,3.10589598377897,0.809212921585054,0.794691085873203,0.411665299548586,0.0624243020588342,0.256753423644524,0.79993889297812,0.784461134610886,True,ok,FAA,272,0.398209396063249,0.1094248962044359,0.7599765175623103,0.0122288786588203,True,0.4977997689057742
S,1001,280.0,2.0,1.7893850042123,0.0991199690663051,0.0309200284806555,0.0520156294562793,0.767690558184953,0.750350201150315,0.324971195792156,0.0481576956016492,0.219732360889929,0.791745821018426,0.775874527518269,True,ok,FAA,272,0.4346320438078654,0.2317626801878361,0.666204245935254,0.0159326323704622,True,0.548954010579805
W,1001,280.0,2.0,1.7893850042123,0.000428553319372,0.0,0.0003952357675997,0.795100981846437,0.782700019908397,0.0999835876820296,0.0087340551500366,0.0806472716878036,0.787982592318233,0.77381497815831,True,ok,FAA,272,0.7001949954741248,0.4045905506468145,0.9374899367637912,0.0153567952571945,True,0.8885919591372718
T,1001,280.0,2.0,1.7893850042123,0.0574146291801989,0.0778831294535424,0.066453026254387,0.499584019197664,0.48113023268819,0.175305938770474,0.0791882559374533,0.236570068913143,0.623856107550208,0.60607326752813,False,ok,FAA,272,0.3288842159415783,0.1167643169997559,0.6315119838524896,0.0280068618592178,True,0.527179604337062
Y,959,278.0,2.0,1.69271948608137,0.0105367390218573,0.0,0.0122568297126841,0.744267469154627,0.734693971601834,0.109794310248574,0.0,0.269200257367206,0.579966709738977,0.572455255636518,True,ok,FAA,270,0.3215248985265934,0.0723650422895923,0.728500316516613,0.0459400509590348,True,0.5543850933638943
V,1001,280.0,2.0,1.7893850042123,0.015633996048046,0.0066138648141021,0.0157593011073072,0.669708449444494,0.651655648920643,0.153348860150347,0.0322760535784347,0.17757812736268,0.699881908916284,0.683168490746516,True,ok,FAA,272,0.4983349254761969,0.2076080278107994,0.8304862440369447,0.0343822591259568,True,0.7120271564782009
C,1001,280.0,2.0,1.7893850042123,0.0001061523259249,0.0001740167477324,0.000208018044329,0.422435838956858,0.406278200283663,0.0620498302546827,0.0322452664687826,0.144620673475875,0.523259945664862,0.507970466185345,False,ok,FAA,272,0.3798525479808489,0.1565773676844615,0.6493307103817398,0.0237272414895999,True,0.7259346929339345
A/Total,1001,280.0,2.0,1.7893850042123,0.0004458713306751,0.0004364814445933,0.0009512623560289,0.479473237566342,0.463342639580806,0.0652328726134272,0.0384645883049296,0.10251825313138,0.576713549651767,0.559299129157611,False,ok,FAA,272,0.4887434152161458,0.2048764264183212,0.8107420510196564,0.012867438247866,True,0.8474630351779672
R/Total,1001,280.0,2.0,1.7893850042123,0.0001239542278612,4.63185271529227e-05,0.0001254502211264,0.680440970026892,0.662333004627609,0.200990371679772,0.0415331597319125,0.16907850080042,0.747171061252764,0.730089072579004,True,ok,FAA,272,0.7801576083918353,0.496156649147272,1.0,0.0185869812450862,True,1.0441485877193417
N/Total,1001,280.0,2.0,1.7893850042123,0.0088574188914561,0.0005581410652609,0.0072894083115417,0.79272817490341,0.77743837555639,0.225045841002691,0.0339169639475888,0.135866754146584,0.803824216156964,0.787834521459792,True,ok,FAA,272,0.611763260216588,0.357125212295731,0.8578337643197541,0.0316625130161502,True,0.7610659742765551
D/Total,1001,280.0,2.0,1.7893850042123,0.0005383134882336,0.0001721782809,0.0004564292951946,0.715898892175654,0.69793971758188,0.0806473362153044,0.0221938467987706,0.0940950011858513,0.683238849182821,0.665926407187055,False,ok,FAA,272,0.561949894225425,0.2440154243709827,0.8407245579970101,0.042093070309574,True,0.8224794226755957
Q/Total,1001,280.0,2.0,1.7893850042123,0.0001343134270932,2.08033454071206e-05,0.0002862295872294,0.597758920336404,0.583492087642733,0.198203738713873,0.0423897152252217,0.306880262097652,0.649531434536231,0.633659315076693,False,ok,FAA,272,0.5067371375321281,0.2042123882045545,0.8236107127035247,0.0372592693806301,True,0.7801579886490655
E/Total,1001,280.0,2.0,1.7893850042123,0.0006903778178125,0.0001240872135992,0.0010805153637751,0.654793030668624,0.638803889364509,0.0646827998984861,0.0103135315278114,0.0732072109853503,0.716345493859883,0.699806433852633,False,ok,FAA,272,0.4859956302548076,0.2530667573085783,0.7302052370580535,0.0008914783429204,True,0.6784374780332857
G/Total,987,280.0,2.0,1.75593594699061,0.0001002907719334,5.65179632418921e-05,0.001436800805012,0.186526224449231,0.183790252337321,0.0230261911323611,0.0364895358538289,0.443546898378668,0.137412174135583,0.135033681534492,False,ok,FAA,272,0.069531410824785,0.0,0.316104095596506,0.0291118440001869,True,0.5060061909520417
H/Total,1001,280.0,2.0,1.7893850042123,2.01376273793445e-05,6.79875122898169e-06,2.64644860371273e-05,0.651031931142392,0.633656064354244,0.0910306080981108,0.0241418041885466,0.100717052814527,0.6935959499562,0.676256028319803,False,ok,FAA,272,0.6327300065540188,0.2865036728476928,0.941280974558228,0.0389019300188157,True,0.9122458206308373
I/Total,1001,280.0,2.0,1.7893850042123,1.40743395729698e-05,1.70455464052209e-06,9.89710691357866e-06,0.795514496966926,0.780822831293843,0.136861960129909,0.0492836360473956,0.143268032699243,0.679092550308763,0.661723458496654,False,ok,FAA,272,0.3747290581056436,0.1253287205063072,0.7440180482625018,0.0095347081067973,True,0.5518085243834078
L/Total,1001,280.0,2.0,1.7893850042123,1.32016521052398e-05,3.42830635286171e-06,1.00703335672973e-05,0.744606021602708,0.728058953428162,0.119556181891928,0.0167261344349578,0.142035285528258,0.713310259342663,0.697218481221722,True,ok,FAA,272,0.0918351049028778,0.0,0.3765032470947821,0.0326933926623476,True,0.12874496574254607
K/Total,1001,280.0,2.0,1.7893850042123,0.0001710384343064,6.4059923855395e-05,9.6474959557881e-05,0.743561405999888,0.726067450341964,0.234329561551597,0.0121037792233206,0.11627218134722,0.858756216385517,0.846011810257397,False,ok,FAA,272,0.7698938898240713,0.4686697556278477,0.9929905253502596,0.0306048066869624,True,0.8965220572894773
M/Total,1001,280.0,2.0,1.7893850042123,5.10665623888714e-06,9.631705101587922e-15,3.2519861997562e-05,0.359787392541918,0.354018082514772,0.255715212606145,0.0200957565647684,0.198447271013443,0.796089028182659,0.781208951745379,True,ok,FAA,272,0.4554789120532026,0.2109525074648253,0.7538640901274677,0.0077218237745707,True,0.5721456971878968
F/Total,1001,280.0,2.0,1.7893850042123,3.23034721077153e-06,1.1616308303878e-06,4.88881218856585e-06,0.623953779315412,0.607095586052795,0.0988841130593308,0.0165729640851413,0.122864332861271,0.69881759653378,0.682534111259123,True,ok,FAA,272,0.3333800466850705,0.1066264630900691,0.6321858521080729,0.0091742488390336,True,0.47706303953803675
P/Total,1001,280.0,2.0,1.7893850042123,0.0063862485992971,0.0015148167613643,0.0048464596142984,0.751510630109579,0.734625259798295,0.189591412465836,0.0536518867615996,0.151250366469733,0.732917062998035,0.715575758856562,True,ok,FAA,272,0.2208839226181313,0.0018872809457199,0.5523906279518394,0.035653091404489,True,0.3013764227491092
S/Total,1001,280.0,2.0,1.7893850042123,8.37162174904136e-05,2.26705681486713e-05,5.58507335959362e-05,0.756533641399895,0.739232704066634,0.159037452059242,0.0220242113425321,0.109050377723613,0.793121075715495,0.777289911822433,False,ok,FAA,272,0.280275241686627,0.1425381268315583,0.4566325032595798,0.0071089578949156,True,0.35338266787802036
W/Total,1001,280.0,2.0,1.7893850042123,1.25466711694219e-06,1.85679470472015e-07,1.2470434896387e-06,0.739796391442434,0.724467443235213,0.112379910930927,0.011052113060476,0.0975123233523316,0.774214759436843,0.759456529768974,True,ok,FAA,272,0.8210363108144103,0.3546471767223174,1.0,0.0196728993180492,True,1.060476180293469
T/Total,1001,280.0,2.0,1.7893850042123,6.37571837317956e-06,0.0001331693332816,0.000107863756134,0.0618399708106605,0.0588643678307815,0.0153501755286067,0.0776065643561587,0.115627250760054,0.177535287684256,0.170176621060265,False,ok,FAA,272,0.1157464440618181,0.0,0.356223705608566,0.0181282378163319,True,0.6519630298381667
Y/Total,959,278.0,2.0,1.69271948608137,1.22742091710892e-05,1.95742003717369e-06,1.6325713360627e-05,0.679061580196383,0.665997936410704,0.0611099131383321,0.0162507050014772,0.203501694317043,0.472452548430097,0.464315306971226,True,ok,FAA,270,0.5324700335870987,0.1999890376983784,0.8526590542523429,0.0436490090618264,True,1.1270338901894648
V/Total,1001,280.0,2.0,1.7893850042123,8.30677795891746e-06,3.51182289981839e-06,1.35339275623398e-05,0.600009297472466,0.583209051843874,0.0548421727528923,0.0137783272916736,0.0833475316250028,0.645044402991466,0.628662052799667,False,ok,FAA,272,0.2428599454807789,0.0531088199855654,0.5518343952661413,0.0211305578038865,True,0.3765011282238689
C/Total,1001,280.0,2.0,1.7893850042123,3.54875579951575e-07,1.89988478751764e-07,6.18383798437577e-07,0.569932850028947,0.553005870322678,0.0813369497367143,0.0276825767670816,0.15256967290047,0.590210314388683,0.574170226802102,False,ok,FAA,272,0.3231165802720874,0.1470495453700677,0.5750387123807708,0.0092214636438131,True,0.5474600704102555
Ala,988,279.0,2.0,1.7673640167364,202.046727734969,34.172699714695,259.52406150613,0.690629828691008,0.674996436686052,0.0133380189634837,0.00328608729681,0.0187383997968752,0.657618959910719,0.641622119063868,True,ok,PBAA,272,0.3395756304713216,0.1156945658935064,0.608294854136111,0.0282653468624826,True,0.5163714113677984
Arg,988,279.0,2.0,1.7673640167364,4.25665948299684,0.134650186237797,10.421387297175,0.585327477763957,0.57307521289873,0.0114525483155713,0.0005705951088433,0.0311068732185739,0.557621699341171,0.545820135864971,False,ok,PBAA,272,0.3575542831302866,0.1617178426207327,0.5927955875706962,0.0161808391652719,True,0.6412130007722732
Asx,988,279.0,2.0,1.7673640167364,48.3430638042293,6.48324824827081,68.8035073626947,0.680411978886477,0.665446640376601,0.0129956050008797,0.0025520605532386,0.0211527463453209,0.641571361973934,0.626663756439932,False,ok,PBAA,272,0.3458689995257023,0.1389124998155461,0.610137417668517,0.0158448055651033,True,0.5390966929408461
Glx,988,279.0,2.0,1.7673640167364,59.169899910751,9.89626564826232e-08,515.815205338925,0.288496117426637,0.284237100106386,0.00538375667106,0.0,0.0196157026292329,0.492423669299693,0.482805821007341,True,ok,PBAA,272,0.3628411855438253,0.1224448267397127,0.6532364796469963,0.0129855999039684,True,0.7368475728631095
His,988,279.0,2.0,1.7673640167364,3.54792461435487,1.97717161097863e-09,10.7764911459157,0.537835574251256,0.527109723257877,0.0075088151687524,0.0006280018880116,0.0185887627874312,0.573993358589781,0.561467739372565,True,ok,PBAA,272,0.188574589186352,0.0083037984784769,0.4491168471553733,0.0414257254542543,True,0.3285309600962154
Ile,988,279.0,2.0,1.7673640167364,42.9729660212878,2.69414320551588,68.4444813126898,0.674789915427756,0.660782580611598,0.0187677387839889,0.0026135591043643,0.0314818109370664,0.647588822539579,0.633036841077188,False,ok,PBAA,272,0.3904581298174489,0.1591497503548647,0.655828397399472,0.0074890857308004,True,0.6029414286155087
Leu,988,279.0,2.0,1.7673640167364,269.088044600752,46.899735672701,332.144777388179,0.696210136382454,0.680243149389794,0.0170789781051665,0.0039218266815859,0.0219199437817965,0.676630953608479,0.660267178641118,True,ok,PBAA,272,0.3768976253151805,0.1306534697479435,0.6468236608687417,0.0120493751269259,True,0.5570209629121784
Lys,988,279.0,2.0,1.7673640167364,4.59153479710512,1.06146460356521e-08,16.4673000915895,0.496368590009931,0.48688913894873,0.0138320980435979,0.0,0.0320578662630564,0.603982209450106,0.591924929290432,True,ok,PBAA,272,0.5186630868892657,0.272358908942475,0.782281622167935,0.0172295183200556,True,0.8587390137889677
Met,988,279.0,2.0,1.7673640167364,0.100296222621364,0.0,77702.4553182337,4.56251029389823e-06,4.56653226266202e-06,0.0379639002695274,0.0,0.0826223139657437,0.618926035734814,0.606449890921278,True,ok,PBAA,272,0.6339535025916533,0.3284074781535398,0.8848667593726388,0.0162856426505741,True,1.0242799074351399
Phe,988,279.0,2.0,1.7673640167364,37.8029638670501,0.0,107.624258306187,0.553884377524065,0.542788650335367,0.0186178657109766,0.0003450858987352,0.0439385072276938,0.596326456587257,0.584076441283045,True,ok,PBAA,272,0.3150716785456907,0.101337273639822,0.5792777821529725,0.0001977477823763,True,0.5283543519917401
Pro,988,279.0,2.0,1.7673640167364,80.2320478204745,16.031182518374,172.806016273593,0.585055860974065,0.570958392104198,0.0093535371667729,0.0022763101346784,0.0186149717944977,0.593573812804133,0.578786027725535,False,ok,PBAA,272,0.1457225444475326,0.0,0.4033998377055587,0.0152366041257078,True,0.24550029213572805
Ser,988,279.0,2.0,1.7673640167364,39.1169383524727,5.92969978979086,91.5861883619218,0.575315254013193,0.561994665677425,0.0091619364219528,0.0023286100407292,0.0240773815344863,0.534600694037076,0.521440059868566,False,ok,PBAA,272,0.3311423506936888,0.1206210878324804,0.599632866700544,0.0068871645466509,True,0.6194199790371451
Thr,988,279.0,2.0,1.7673640167364,34.2662012934923,3.92629898091311,82.2323731197431,0.575965647640624,0.563072536126837,0.0128943628789728,0.0028558215970055,0.0398715581370034,0.50364228759955,0.491774155377439,True,ok,PBAA,272,0.2513236562295061,0.0820689630638456,0.4816271802881843,0.016266688204816,True,0.49901222041413557
Tyr,988,279.0,2.0,1.7673640167364,8.82689304608382,0.676633333653427,16.9969053903324,0.631676457172347,0.619786118843915,0.0155055125896247,0.0019947786328983,0.0294942013023599,0.624039030277573,0.612093318081175,True,ok,PBAA,272,0.1987047243450254,0.0455251630648763,0.4609448980498335,0.0066633155504279,True,0.3184171417237178
Val,988,279.0,2.0,1.7673640167364,24.8655735352277,3.44854690682702,49.9947989231258,0.610441769748492,0.596555654808853,0.0085240827582251,0.0020717381575311,0.0214358210707625,0.545565741682248,0.532296372320796,True,ok,PBAA,272,0.3335889687200364,0.1237460439053264,0.6031159082427949,0.0515961596578675,False,0.6114551248973538
Ala/Total,988,279.0,2.0,1.7673640167364,1.33609918955037e-05,4.89038609474937e-06,5.37162715888842e-05,0.430959356703218,0.420512114164178,0.0007264405432173,0.0002437255048191,0.0135895536575371,0.154796125389632,0.152985376230802,False,ok,PBAA,272,0.9999938558253976,0.7977880123835256,1.0,0.1732881400814823,False,6.46007032351971
Arg/Total,988,279.0,2.0,1.7673640167364,5.38453599094311e-06,3.25749736822701e-07,9.26860355488932e-06,0.659096984259997,0.645026507998706,0.0076590927619329,0.0002773669448407,0.0325372124081014,0.450460998205488,0.441661168004993,False,ok,PBAA,272,0.4846406026505011,0.1264817080626179,0.8108665527085723,0.0255735347419978,True,1.075876945132154
Asx/Total,988,279.0,2.0,1.7673640167364,2.10253973441016e-05,0.0,2.47074883831553e-05,0.750496322092538,0.736771685862282,0.0027527112505513,0.0001535083061457,0.0154928483194269,0.381658210110182,0.374826114784291,True,ok,PBAA,272,0.9999938558253976,0.9040958862176276,1.0,0.0905521192434612,False,2.620129291956556
Glx/Total,988,279.0,2.0,1.7673640167364,1.2449475539347e-05,1.16577353292367e-13,0.0001661265532459,0.209418350669867,0.206913186921908,0.0007361384504625,4.8968846507913294e-12,0.0086271498733803,0.231721710010987,0.228753263435446,True,ok,PBAA,272,0.2818540881732184,0.0872112725167898,0.5377348794352025,0.0039068601106722,True,1.2163473511388052
His/Total,988,279.0,2.0,1.7673640167364,4.77682730575231e-06,2.15698789930786e-07,1.00826898406968e-05,0.617389104274267,0.604382246364304,0.0073230922673596,1.0885561265912401e-10,0.0216990759716845,0.543985839674867,0.533139534734907,True,ok,PBAA,272,0.6530013707908926,0.2694641720098231,0.9464462143640402,0.0123836699155495,True,1.2004014133551393
Ile/Total,988,279.0,2.0,1.7673640167364,5.17127515303573e-06,0.0,2.39197375524099e-05,0.433165305688205,0.42536670190575,0.0018689442199256,2.0257229780546e-11,0.0199720845120797,0.248556566817794,0.245398953042502,True,ok,PBAA,272,0.746599527986214,0.3288788390839085,1.0,0.1284585910064776,False,3.00374090914087
Leu/Total,988,279.0,2.0,1.7673640167364,3.91820909857472e-05,0.0,7.329890599443e-05,0.653918958858323,0.640803502678347,0.0020491904728072,0.0,0.0151946716892741,0.322815319491013,0.31772942539561,True,ok,PBAA,272,0.9447078121252817,0.7175003305631547,1.0,0.0788469194086581,False,2.92646524215398
Lys/Total,988,279.0,2.0,1.7673640167364,6.90373987460844e-06,5.40711697060588e-08,1.45064586812407e-05,0.625635875829786,0.612953108889624,0.0113103032318899,0.0014956667646747,0.0318843079961522,0.53658168915586,0.524542389431152,False,ok,PBAA,272,0.7193379481382711,0.3904062537664917,0.9500713582751176,0.0132564774048715,True,1.340593543678167
Met/Total,988,279.0,2.0,1.7673640167364,1.26157619137988e-05,0.0,0.0008062872043476,0.0524084025172012,0.0522228302436712,0.0287796633008473,0.0006359204804471,0.0320839798430218,0.753899314544214,0.73967904706982,True,ok,PBAA,272,0.5098958701724928,0.2285855444620017,0.802701970364856,0.0089278488252959,True,0.6763447854847319
Phe/Total,988,279.0,2.0,1.7673640167364,6.26094416674114e-06,0.0,6.72480014949635e-05,0.247606262565125,0.244305194993979,0.0023301803649495,1.1704618124295098e-11,0.0311080201430606,0.209344085267409,0.206857535877271,True,ok,PBAA,272,0.5415440414341526,0.2055552675475453,0.8203953997052004,0.0297436577653144,True,2.5868609602339743
Pro/Total,988,279.0,2.0,1.7673640167364,2.10663151956454e-05,3.90120448527021e-06,7.90444194189226e-05,0.464228924551534,0.453873415026959,0.0020908022190929,0.0001461959215178,0.0170745987588845,0.298924015207835,0.294154675857366,True,ok,PBAA,272,0.4543749968842429,0.075980420904499,0.8507657206227018,0.0084276596721661,True,1.5200351051364218
Thr/Total,988,279.0,2.0,1.7673640167364,3.75683118917356e-06,2.94938547040954e-07,4.73335105391839e-05,0.217216994754216,0.21439687325099,0.0008445396025484,0.0005999212836858,0.0277526333151066,0.0938802932659137,0.092945840029448,False,ok,PBAA,272,0.0352612216177357,0.0,0.2835105401275286,0.0653865255183528,False,0.37559769352082367
Tyr/Total,988,279.0,2.0,1.7673640167364,7.89760208725767e-07,1.83342256411707e-07,1.2071898305517e-05,0.183808011487568,0.181476689090817,0.000949509530811,3.12424775609144e-08,0.0247130911516008,0.119569974401402,0.118612574539526,False,ok,PBAA,272,0.678904737395213,0.0289555877834725,1.0,0.1689528237614198,False,5.677886449286156
Val/Total,988,279.0,2.0,1.7673640167364,6.94535665081488e-06,0.0,1.32206646774442e-05,0.649974831207005,0.636936046525198,0.0017384311819949,0.0,0.016032190634596,0.277082629053049,0.273125873422982,True,ok,PBAA,272,0.995240056612174,0.633841387911733,1.0,0.0781282189497202,False,3.5918529429776336
A/X,988,279.0,2.0,1.7673640167364,0.0168591619573324,0.0012451018911933,0.023657270541249,0.697393721594791,0.682738208129271,0.0051520104379203,0.0003325669543758,0.0054204769159422,0.751922280408311,0.737119970573479,True,ok,PBAA,272,0.9999938558253976,0.8795066532902349,1.0,0.0620926875377337,False,1.3299165111617361
F/Z,988,279.0,2.0,1.7673640167364,0.0006527082173423,0.0,0.0074766746103719,0.235812380203327,0.232759689527937,0.0034931620871922,1.8014441691982897e-11,0.0409819835940322,0.231530578822407,0.228569060196322,True,ok,PBAA,272,0.3701951072203904,0.1032107783632627,0.6655994800266549,0.0062001312251509,True,1.5989037348900015
H/M,988,279.0,2.0,1.7673640167364,0.107187412703901,0.0,0.286202485465976,0.569672633581341,0.558232665983507,0.0386280738243121,8.03672028360694e-11,0.0862067076916757,0.612982786291869,0.600616556132787,True,ok,PBAA,272,0.4040210469194296,0.1331130704925502,0.7348405432248122,0.0273135400711397,True,0.6591066763285206
H/X,988,279.0,2.0,1.7673640167364,0.0013962434994229,0.0,0.0067666547708262,0.42175207709742,0.414157804992515,0.0123406163026945,0.0,0.0164985837172428,0.725569292394822,0.711840335113915,True,ok,PBAA,272,0.761029735744952,0.4139328162652976,0.9999808541103764,0.0260013274142958,True,1.0488725800854786
H/Z,988,279.0,2.0,1.7673640167364,0.0002142757901491,1.25558044289357e-05,0.0013029947429224,0.363684590986258,0.357218132829175,0.005998583652272,0.0001221876340175,0.0200349374658583,0.511488258979626,0.50118954034893,False,ok,PBAA,272,0.7093722087336396,0.2651610174826328,1.0,0.0133288913491581,True,1.3868787724448937
I/L,988,279.0,2.0,1.7673640167364,0.0001443884819452,2.16320835222999e-10,0.0029189069188887,0.148828272691943,0.147438485060956,0.001527361710399,0.0,0.008609641207958,0.385396561502127,0.378664201996761,False,ok,PBAA,272,0.7989889020340404,0.3952376731604025,1.0,0.0887157133231479,False,2.0731604322568167
I/V,988,279.0,2.0,1.7673640167364,0.0038250307226215,5.13749371131724e-10,0.0185725240080093,0.4212898982412,0.413693744786436,0.0048192458012094,0.0,0.0102773286156701,0.623707194452494,0.61116248641168,False,ok,PBAA,272,0.576330634074093,0.2762252724633492,0.8444535778326688,0.0173686112429468,True,0.9240403817692221
L/V,988,279.0,2.0,1.7673640167364,0.0537828296616185,0.0,0.0606364167811487,0.758174096245944,0.744543984408649,0.0075175822390535,0.0,0.0055663646278017,0.826803284170179,0.813771808247531,True,ok,PBAA,272,0.7996291352292124,0.5250086595607634,0.9652016265943614,0.0342112402923662,True,0.9671334772596605
M/I,988,279.0,2.0,1.7673640167364,0.0486476631140875,0.0002962959820517,280.826543348732,0.000611946107752,0.0006127455425072,0.0315789660788157,0.0019454756745452,0.07067874526014,0.600963481907554,0.588102979305297,False,ok,PBAA,272,0.6837275304177997,0.3245118162291713,0.9608710042429328,0.0291809306941191,True,1.1377189313525995
M/K,988,279.0,2.0,1.7673640167364,0.0,0.0005243838441315,1703.2762377368,0.0,,0.038932668925445,0.0007677096129387,0.0976195755500355,0.581659288293173,0.569683742497485,True,ok,PBAA,272,0.7194937324393498,0.3612108203786044,0.963387070368187,0.0255546900513307,True,1.2369676663303006
R/P,988,279.0,2.0,1.7673640167364,0.0004780605991511,0.0001207801569938,0.0015339945489513,0.491615027360037,0.479814222633008,0.0094329263634311,0.0010726675532024,0.0283224211244496,0.524579631466033,0.51300257349191,False,ok,PBAA,272,0.4147458237217284,0.1482180685281069,0.6981560307638472,0.0118878165150636,True,0.7906251002591272
R/Z,988,279.0,2.0,1.7673640167364,0.0003321734479076,7.36966268780348e-06,0.0009937785172228,0.53836394612181,0.527336969194927,0.0084983957256663,3.06737459946953e-07,0.0412698477213005,0.421253072477995,0.413522442374363,False,ok,PBAA,272,0.4148586741165684,0.1133453812786657,0.7246777637450268,0.0052282921175287,True,0.9848205300348032
T/I,988,279.0,2.0,1.7673640167364,0.0064645960191124,0.0,0.0238708815386314,0.489081114549966,0.479563257530167,0.0037025961379055,0.0002074778057395,0.0166920859944573,0.434136439384544,0.425668217506511,True,ok,PBAA,272,0.2512688731040792,0.0339049363011303,0.5967184019727801,0.042251527275294,True,0.5787785827430011
T/K,988,279.0,2.0,1.7673640167364,0.0848175475367072,0.0,0.237364563584282,0.55812147175801,0.547020536982894,0.0122802712636448,0.0,0.0309632093111318,0.583663470713812,0.571961514132316,True,ok,PBAA,272,0.2519566773747602,0.0,0.5841369143532453,0.0347545386215119,True,0.43168142262975756
T/Z,988,279.0,2.0,1.7673640167364,0.0005479389898323,7.80680864155666e-10,0.0053224049731247,0.266807572282125,0.263055478520123,0.002599299100661,0.0009570076187282,0.0373728931321839,0.190412799122242,0.187700743514968,False,ok,PBAA,272,0.105130486033121,0.0,0.3211541186222298,0.0260786207186637,True,0.5521187993546006
V/A,988,279.0,2.0,1.7673640167364,0.0008261820589777,5.29604394102624e-05,0.0018723406663167,0.59766016387353,0.584871763661803,0.0043896759724955,1.0815023924159199e-11,0.0075594260561012,0.67240803000103,0.659099277268093,True,ok,PBAA,272,0.7810003928843045,0.3726939250329369,0.988241923261052,0.016495724857472,True,1.1614977187037878
X/K,988,279.0,2.0,1.7673640167364,0.1098384703406,0.014921702682124,0.152221547806421,0.684932675455689,0.669516002408317,0.0093315542488544,0.0006542840754786,0.0142892724404904,0.681073985371954,0.666601936343967,False,ok,PBAA,272,0.5120627343116569,0.1332316955633558,0.8390674182504176,0.0191190060672691,True,0.7518459746073033
Z/I,988,279.0,2.0,1.7673640167364,0.0323152142304069,0.0052779894983974,1.45582262005254,0.072323168210275,0.0718675598192261,0.0049182788191967,0.0,0.032298866277487,0.349909477554202,0.344104967275324,True,ok,PBAA,272,0.3499802476352422,0.0985301279857994,0.6701556003861838,0.0548211631022687,False,1.0002022525412426
Z/K,988,279.0,2.0,1.7673640167364,0.208280789901315,0.239423264713051,8.52590427632078,0.0760139962213566,0.075250915339196,0.0127970524265821,0.0012396682664894,0.0312223402771405,0.575150715727084,0.562407571194698,False,ok,PBAA,272,0.7873022376751998,0.5000649870942337,0.9939861250929264,0.0255154109723915,True,1.368862484470565
Z/P,988,279.0,2.0,1.7673640167364,0.0068745142542651,1.61110275929652e-06,0.25355696528468,0.0874526560606487,0.0868891693005962,0.0030259257196193,0.0,0.015212810877565,0.412828554091847,0.405344264875583,True,ok,PBAA,272,6.144174654379127e-06,0.0,0.1563339177483895,0.0143496250836886,True,1.4883114536239559e-05
Z/R,988,279.0,2.0,1.7673640167364,0.145666013881373,0.190770322931057,14.4623161287914,0.0336213544063117,0.0334179560948911,0.008457158176319,0.0001280952080571,0.0411850034408845,0.419236966244657,0.411456827803755,False,ok,PBAA,272,0.4148586847108279,0.1133453824375267,0.7246777653987678,0.0345812388251852,True,0.9895565470453431
Z/V,988,279.0,2.0,1.7673640167364,0.0070817936853534,0.0119299842011971,1.14216205630925,0.0210659423102803,0.0209625714848684,0.0027733316281914,2.32583653242897e-08,0.0221661110045997,0.306638764818831,0.301928986520371,True,ok,PBAA,272,0.5609792271910108,0.0753292146178921,0.9476721549480076,0.0962532015029648,False,1.8294465395542856
FY,988,279.0,2.0,1.7673640167364,82.7073016093661,6.23787903122625e-08,175.692311059081,0.624621265612443,0.612121169518642,0.0175174999133172,0.0008200355548249,0.0338726875400908,0.636760464313184,0.623455661162715,True,ok,PBAA,272,0.2723633427887497,0.0759636100984635,0.5411527077207271,0.0151586362483924,True,0.42773281014317277
Y/F,988,279.0,2.0,1.7673640167364,0.0004560243125078,9.03031636043575e-12,0.0073397749803403,0.180068866963697,0.178130577493483,0.0015950421555382,0.0,0.0264296583700939,0.175816802244287,0.173955189142347,True,ok,PBAA,272,0.3037036560542711,0.0912401965590344,0.586773204553836,0.0152450238094355,True,1.7273869856436865
F/FY,988,279.0,2.0,1.7673640167364,8.82692611951086,0.676779787993789,16.9967807297351,0.631675612981035,0.619785113868316,0.0142345824502973,0.0017865325559358,0.0268604113328846,0.62633321125218,0.61438445667898,True,ok,PBAA,272,0.1989155324495181,0.0459462056091774,0.460106751007578,0.0218606332003871,True,0.3175873941792764
Y/FY,988,279.0,2.0,1.7673640167364,7.87006200483951e-05,0.0,0.0012839656770737,0.178078363850635,0.176175934850605,0.0006944778399706,2.44583009753914e-12,0.0117188985295414,0.173193465734298,0.171378684020634,True,ok,PBAA,272,0.2823859629779768,0.0781984303998952,0.5632094613508237,0.0012743547470474,True,1.630465455383835
IVL,988,279.0,2.0,1.7673640167364,730.947227002127,127.675201974942,1022.81628373381,0.674214182898533,0.658613322891814,0.0139774721800033,0.0035067585731198,0.0209873439913955,0.645064813882454,0.62909449499376,True,ok,PBAA,272,0.355248449184309,0.1329528902821563,0.6162843409213998,0.0202070732248856,True,0.5507174496872242
I/IVL,988,279.0,2.0,1.7673640167364,2.4615387898348e-05,0.0,0.0002626952787775,0.248806723762329,0.245485935091179,0.0007356396757259,0.0,0.0046493328950969,0.358679008626094,0.352656832095937,True,ok,PBAA,272,0.632891603739956,0.2516167635208465,0.9591825846623308,0.0246237400878613,True,1.7645069505578894
V/IVL,988,279.0,2.0,1.7673640167364,0.0002064357249823,0.0,0.0001609719145897,0.819267936618671,0.806051348979915,0.0037450283357067,6.76548840510719e-13,0.0035714164037354,0.787530437017224,0.773927017809941,True,ok,PBAA,272,0.747868414554007,0.4372018529315727,0.9437355179522504,0.0110982948228309,True,0.9496374735515783
L/IVL,988,279.0,2.0,1.7673640167364,0.0002089348971204,0.0,0.0002644601261404,0.736327769768643,0.722513995139914,0.0006571825190843,0.0,0.0009572216701787,0.708180419109468,0.694514225442644,True,ok,PBAA,272,0.8597813755239654,0.6092697664237745,1.0,0.0238158889749669,True,1.2140710930770078
LAV,988,279.0,2.0,1.7673640167364,1209.59778362188,219.601304707543,1571.3612642916,0.685733303224559,0.669909507842336,0.013115206499858,0.0033177721485887,0.0183311467109573,0.657070987534317,0.640877743881481,True,ok,PBAA,272,0.3445823575897065,0.1235029752832097,0.6066546470057214,0.0427945910379976,True,0.5244218115347999
L/LAV,988,279.0,2.0,1.7673640167364,9.90775195833554e-05,0.0,0.0002394138227842,0.593956406537717,0.581933389182015,0.0005712499290692,0.0,0.0015686640468606,0.562787697052514,0.55145139847456,True,ok,PBAA,272,0.776818739994642,0.4503681467537895,0.97426952371545,0.0159786919115201,True,1.3803051204976087
A/LAV,988,279.0,2.0,1.7673640167364,1.28346096969317e-05,1.5223081244126e-05,0.0002676148252768,0.133476520082699,0.131381645009887,7.86725464003476e-05,0.0001101247072663,0.0017820963909647,0.123329991732523,0.121372406862172,False,ok,PBAA,272,0.5928836821489144,0.0496483298233922,1.0,0.0050888420567683,True,4.807295239545263
V/LAV,988,279.0,2.0,1.7673640167364,0.0001201308134739,0.0,8.60038027395448e-05,0.831574322539885,0.818684410704398,0.0039322722209108,0.0,0.0036610831575935,0.791517146965157,0.77803660846006,True,ok,PBAA,272,0.7836060453258761,0.4567849925458361,0.9680290715929434,0.0223996941818045,True,0.9900051418094811
I/LAV,988,279.0,2.0,1.7673640167364,2.54215294416328e-05,0.0,0.000187273339627,0.32424384188083,0.319133391705849,0.0012708066744885,0.0,0.007153750410474,0.385717776819542,0.379000032089126,True,ok,PBAA,272,0.5502191428802601,0.2026434547896227,0.897517501869125,0.0456277942428835,True,1.4264811630335616
ZHPR,988,279.0,2.0,1.7673640167364,369.110576344577,0.0,1112.54350474517,0.539748076512267,0.528972404179961,0.0060215693630513,0.0003383257545304,0.0154519751089497,0.570105210548296,0.557983884339702,True,ok,PBAA,272,0.2830357829228728,0.0956287050875616,0.528576412025025,0.0317275403952359,True,0.49646236814896755
Z/ZHPR,988,279.0,2.0,1.7673640167364,0.0001665156752733,0.0,0.0006944611511406,0.458741426017829,0.450009235175589,0.0008045756489862,0.0,0.0028040687951901,0.503531084499512,0.493620258410805,True,ok,PBAA,272,0.1652881304337457,0.0,0.6483162604876438,0.0290066950317387,True,0.32825804706383704
H/ZHPR,988,279.0,2.0,1.7673640167364,2.05089193410763e-05,6.14396336561263e-06,0.0001161574190088,0.363358413675367,0.355668432064114,0.0029576444039371,0.0004364029509419,0.0118971424654486,0.452126304837862,0.442462425191495,True,ok,PBAA,272,0.6301138065666353,0.1971543655301259,0.9947263838140636,0.0125813388345505,True,1.39366765398134
R/ZHPR,988,279.0,2.0,1.7673640167364,4.5858126933247e-05,6.78993219976211e-06,0.0001266338433971,0.53900819885991,0.52668422582409,0.0060721906406707,0.0007588886884001,0.0278114614309603,0.424044614484825,0.415373601007996,False,ok,PBAA,272,0.3842571418026643,0.1259992862123909,0.6745696683201062,0.0193581869344609,True,0.9061714939346681
P/ZHPR,988,279.0,2.0,1.7673640167364,0.000129702519079,7.64618550245023e-12,0.0005282062239674,0.464657305899618,0.455773076877041,0.0010299303391697,0.0,0.0067980076816821,0.348758223677777,0.342982896244778,False,ok,PBAA,272,6.144174651530242e-06,0.0,0.153362590741639,0.057636486723771,False,1.7617289670585483e-05
X/ZHPR,988,279.0,2.0,1.7673640167364,0.0003417937633971,1.16069378958356e-05,0.0005929177375614,0.663242011018232,0.649674201415148,0.0045426218561038,0.0005967109392713,0.0125208621356218,0.541870810477679,0.529774041154473,False,ok,PBAA,272,0.8365549451747294,0.5449240847575972,1.0,0.0225042126682408,True,1.5438272905626258
IMTXK,988,279.0,2.0,1.7673640167364,24.2017868836176,0.0,77085.7653964448,0.0011085302581409,0.0011089799488173,0.0108491092078333,0.0,0.0417609026423226,0.478702588797149,0.469690973414916,True,ok,PBAA,272,0.4388787453672956,0.2121326830924414,0.6864059496609144,0.0183856025966521,True,0.9168087986949892
I/IMTXK,988,279.0,2.0,1.7673640167364,0.0001595578966863,0.0,0.0003895553207417,0.591467996384153,0.579563820117452,0.0030140769343747,0.0,0.0294452697585809,0.265689566086475,0.262075370663839,True,ok,PBAA,272,0.9999938558253972,0.8221850217513843,1.0,0.0243757576026625,True,3.763767883530381
M/IMTXK,988,279.0,2.0,1.7673640167364,0.0001646020266417,1.58161642154806e-05,0.0009131775848735,0.382036118787112,0.374894031221336,0.028273578487735,0.0012772911332243,0.0205503222720145,0.814189113715179,0.800040358378229,False,ok,PBAA,272,0.6599755157487975,0.3410313885028558,0.92136883314782,0.0175190507289423,True,0.8105924098362132
T/IMTXK,988,279.0,2.0,1.7673640167364,8.72725756155011e-05,0.0,0.0005218815239879,0.371504483497537,0.365126657505239,0.0011892174771993,9.21925611415167e-05,0.0316658422890548,0.116660763664829,0.115687821432783,True,ok,PBAA,272,0.5620424768598237,0.0,0.9366431857726978,0.2578139420238224,False,4.817750709009535
X/IMTXK,988,279.0,2.0,1.7673640167364,0.000193670634797,0.0,0.0004158089000774,0.622123108617547,0.609550265644822,0.0014501484597543,0.0,0.0260825117807052,0.164246859675164,0.162619105956371,True,ok,PBAA,272,0.9667922466712722,0.6497444377427591,1.0,0.4313529873921077,False,5.886214498002133
K/IMTXK,988,279.0,2.0,1.7673640167364,9.43832277524671e-05,0.0,0.0001940997390459,0.632190957806342,0.619505188517058,0.0069201753436777,0.0005612712954372,0.0413262986310224,0.366295720537671,0.359673712607436,True,ok,PBAA,272,0.5928537228380794,0.182705136082394,0.8780266185132375,0.0328037202606307,True,1.618511190815587
