Phenotype,SNP,Chr,Pos,MAF,P_MLM,P_MLMM,P_BLINK,P_FarmCPU,min_P,max_P,n_models_sugg,n_models_bonf,n_models_run,all_models_bonferroni
Q.Total,10-117998959,10,119044808,0.25103734439834,,,1.19758435723963e-15,1.3520433582987e-18,1.3520433582987e-18,1.19758435723963e-15,2,2,2,TRUE
N.D,5-6851962,5,7047181,0.237603305785124,,,1.0942162202325e-13,1.46247024538634e-13,1.0942162202325e-13,1.46247024538634e-13,2,2,2,TRUE
Q,10-67953819,10,67175499,0.152083333333333,,,1.51956699081079e-13,7.04292526774545e-17,7.04292526774545e-17,1.51956699081079e-13,2,2,2,TRUE
N,2-38205709,2,39115733,0.184426229508197,,,2.72451583919986e-13,8.95919313182361e-14,8.95919313182361e-14,2.72451583919986e-13,2,2,2,TRUE
I.Total,4-11096360,4,11926388,0.319327731092437,,,8.39509677564156e-14,2.76343674885746e-12,8.39509677564156e-14,2.76343674885746e-12,2,2,2,TRUE
I.Total,6-23522910,6,21913968,0.0819327731092437,,,1.30888571559401e-14,2.93908302392576e-12,1.30888571559401e-14,2.93908302392576e-12,2,2,2,TRUE
Q.EHPRQ,6-121721054,6,125465186,0.0946502057613169,,,3.10173176549127e-12,8.60703914683912e-14,8.60703914683912e-14,3.10173176549127e-12,2,2,2,TRUE
Q,10-148248665,10,149586775,0.314583333333333,,,3.17898160387303e-12,1.58050288664475e-15,1.58050288664475e-15,3.17898160387303e-12,2,2,2,TRUE
A.Total,6-169045676,6,173082541,0.443514644351464,,,2.061301141048e-12,3.20719792062224e-12,2.061301141048e-12,3.20719792062224e-12,2,2,2,TRUE
Q,4-90564613,4,94052179,0.170833333333333,,,4.88167572283663e-12,3.87133705934235e-12,3.87133705934235e-12,4.88167572283663e-12,2,2,2,TRUE
R.Total,7-20200646,7,21086049,0.347107438016529,,,2.33595397690297e-11,2.71208386195073e-13,2.71208386195073e-13,2.33595397690297e-11,2,2,2,TRUE
I.IMNTDK,3-212191792,3,215782315,0.21900826446281,,,3.89118078515264e-11,2.74840555686024e-11,2.74840555686024e-11,3.89118078515264e-11,2,2,2,TRUE
N.E,1-216747522,1,219876582,0.0578512396694215,,,4.27419944936579e-11,7.73022016533462e-15,7.73022016533462e-15,4.27419944936579e-11,2,2,2,TRUE
H.Total,2-210755195,2,216947637,0.447916666666667,,,4.52146238973171e-11,3.93459658047183e-14,3.93459658047183e-14,4.52146238973171e-11,2,2,2,TRUE
Q.Total,4-834837,4,1050251,0.398340248962656,,,5.19910447921403e-11,7.5537296537986e-17,7.5537296537986e-17,5.19910447921403e-11,2,2,2,TRUE
Q.EHPRQ,4-834837,4,1050251,0.395061728395062,,,1.01067831189081e-10,1.53373863528636e-11,1.53373863528636e-11,1.01067831189081e-10,2,2,2,TRUE
R.Total,9-76225994,9,78287626,0.0888429752066116,,,1.0881848791543e-10,4.25488425821102e-16,4.25488425821102e-16,1.0881848791543e-10,2,2,2,TRUE
Q.Total,10-2766083,10,2346569,0.0643153526970954,,,1.09755443869654e-10,6.97053265624608e-14,6.97053265624608e-14,1.09755443869654e-10,2,2,2,TRUE
IMNTDK,6-135293733,6,139208516,0.224279835390947,,,1.10458927695835e-14,1.14949735655395e-10,1.10458927695835e-14,1.14949735655395e-10,2,2,2,TRUE
IMNTDK,8-169690875,8,175373173,0.160493827160494,,,1.28844207841739e-10,2.51372518708137e-11,2.51372518708137e-11,1.28844207841739e-10,2,2,2,TRUE
H.Total,2-159021684,2,163018934,0.358333333333333,,,4.7107382578701e-11,1.32522871243279e-10,4.7107382578701e-11,1.32522871243279e-10,2,2,2,TRUE
K.Total,6-103751782,6,106876705,0.191489361702128,,,2.52086746176015e-11,1.74046871960955e-10,2.52086746176015e-11,1.74046871960955e-10,2,2,2,TRUE
N.Total,3-212191792,3,215782315,0.2125,,,3.05442877780894e-19,1.78757433985734e-10,3.05442877780894e-19,1.78757433985734e-10,2,2,2,TRUE
N.Total,9-39306084,9,39875411,0.122916666666667,,,1.84143727454249e-10,6.73135404723524e-11,6.73135404723524e-11,1.84143727454249e-10,2,2,2,TRUE
S.Total,1-23346169,1,23731875,0.25625,,,2.23912675626634e-10,1.41437619649997e-14,1.41437619649997e-14,2.23912675626634e-10,2,2,2,TRUE
R.EHPRQ,2-212322724,2,218470553,0.281632653061225,,,1.23458900528298e-11,2.88292764090466e-10,1.23458900528298e-11,2.88292764090466e-10,2,2,2,TRUE
K.IMNTDK,2-195935106,2,201505766,0.387966804979253,,,3.67790567221881e-10,1.28058501603988e-11,1.28058501603988e-11,3.67790567221881e-10,2,2,2,TRUE
C.Total,1-73282701,1,74681820,0.0802469135802469,,,4.11013151899273e-10,1.27187719891353e-15,1.27187719891353e-15,4.11013151899273e-10,2,2,2,TRUE
N,1-216747522,1,219876582,0.0573770491803278,,,5.0068037660558e-10,1.87310972124059e-12,1.87310972124059e-12,5.0068037660558e-10,2,2,2,TRUE
WFY,7-5098339,7,5351899,0.308016877637131,,,5.56691329106488e-10,3.3037995807109e-15,3.3037995807109e-15,5.56691329106488e-10,2,2,2,TRUE
Total_N,1-80777231,1,82382090,0.283950617283951,,,1.15402973432981e-11,5.66789899969922e-10,1.15402973432981e-11,5.66789899969922e-10,2,2,2,TRUE
LAV,1-214889538,1,217997536,0.309322033898305,,,1.0773108724583e-11,6.61733689828986e-10,1.0773108724583e-11,6.61733689828986e-10,2,2,2,TRUE
SGC,3-70447768,3,70682467,0.489626556016598,,,7.20485126341905e-10,1.02398281033777e-14,1.02398281033777e-14,7.20485126341905e-10,2,2,2,TRUE
R.EHPRQ,2-91568534,2,93547389,0.289795918367347,,,9.1278747846983e-10,2.42340970229417e-13,2.42340970229417e-13,9.1278747846983e-10,2,2,2,TRUE
S.Total,1-154143819,1,156006766,0.458333333333333,,,1.05685639801709e-09,2.38880861218856e-10,2.38880861218856e-10,1.05685639801709e-09,2,2,2,TRUE
I.Total,8-109253461,8,112412901,0.102941176470588,,,4.62151753372745e-11,1.35748953577756e-09,4.62151753372745e-11,1.35748953577756e-09,2,2,2,TRUE
K.IMNTDK,4-63233294,4,65736520,0.317427385892116,,,1.42979345690748e-09,1.30311530146566e-09,1.30311530146566e-09,1.42979345690748e-09,2,2,2,TRUE
Total,9-128375467,9,130359852,0.336820083682008,,,1.44183109569456e-09,4.27630958452935e-11,4.27630958452935e-11,1.44183109569456e-09,2,2,2,TRUE
LAV,3-137195712,3,137842882,0.453389830508475,,,2.00722782995182e-10,1.45182638576351e-09,2.00722782995182e-10,1.45182638576351e-09,2,2,2,TRUE
N.Total,10-136042190,10,137223923,0.383333333333333,,,1.45677135149123e-09,1.1939390240652e-10,1.1939390240652e-10,1.45677135149123e-09,2,2,2,TRUE
IVL,3-20416441,3,19828782,0.154008438818565,,,8.5552155816962e-12,1.48511454737407e-09,8.5552155816962e-12,1.48511454737407e-09,2,2,2,TRUE
K.Total,3-52317420,3,52185775,0.0893617021276596,,,1.97442013970596e-09,6.17245075344894e-10,6.17245075344894e-10,1.97442013970596e-09,2,2,2,TRUE
C.Total,4-9211461,4,10064975,0.137860082304527,,,2.32658057663612e-09,1.1149453694192e-10,1.1149453694192e-10,2.32658057663612e-09,2,2,2,TRUE
C.Total,3-152358980,3,153710629,0.106995884773663,,,2.5368483835674e-09,1.21891544525724e-15,1.21891544525724e-15,2.5368483835674e-09,2,2,2,TRUE
N.Q,1-225543504,1,229130126,0.23155737704918,,,2.16665878253476e-09,3.08806447183441e-09,2.16665878253476e-09,3.08806447183441e-09,2,2,2,TRUE
R.EHPRQ,8-87289472,8,89569329,0.118367346938775,,,3.40606776392411e-09,9.4656011094822e-13,9.4656011094822e-13,3.40606776392411e-09,2,2,2,TRUE
K.IMNTDK,1-299554935,1,305022388,0.49792531120332,,,4.43683986737974e-09,3.01105545609979e-09,3.01105545609979e-09,4.43683986737974e-09,2,2,2,TRUE
Total_PBAA,7-5322774,7,5653328,0.152263374485597,,,9.48498998184468e-13,5.11036649093495e-09,9.48498998184468e-13,5.11036649093495e-09,2,2,2,TRUE
N,1-64008350,1,64841887,0.14344262295082,,,5.38812143111074e-09,1.32254632658718e-12,1.32254632658718e-12,5.38812143111074e-09,2,2,2,TRUE
IMNTDK,2-131577985,2,135104347,0.226337448559671,,,6.14884019709148e-09,1.13931824714094e-13,1.13931824714094e-13,6.14884019709148e-09,2,2,2,TRUE
N.E,9-88175369,9,90530602,0.105371900826446,,,5.29134476990882e-11,6.40055075380512e-09,5.29134476990882e-11,6.40055075380512e-09,2,2,2,TRUE
K.IMNTDK,2-137682342,2,141729482,0.188796680497925,,,7.67472525597358e-12,6.80322803603199e-09,7.67472525597358e-12,6.80322803603199e-09,2,2,2,TRUE
N.E,10-86489794,10,86519548,0.190082644628099,,,7.61204969719156e-09,7.5859088256791e-10,7.5859088256791e-10,7.61204969719156e-09,2,2,2,TRUE
R.Total,5-216273624,5,222130074,0.0826446280991735,,,7.98910492040125e-09,2.07514928492523e-17,2.07514928492523e-17,7.98910492040125e-09,2,2,2,TRUE
IVL,3-74281785,3,74524899,0.478902953586498,,,8.03589172288638e-09,1.6605479183504e-15,1.6605479183504e-15,8.03589172288638e-09,2,2,2,TRUE
IMNTDK,8-144530447,8,149293282,0.1440329218107,,,9.23747698131054e-09,3.73551027532817e-09,3.73551027532817e-09,9.23747698131054e-09,2,2,2,TRUE
R.Total,8-87289472,8,89569329,0.117768595041322,,,9.76322631693205e-09,8.64753676938101e-09,8.64753676938101e-09,9.76322631693205e-09,2,2,2,TRUE
R.Total,2-141327152,2,145490764,0.334710743801653,,,1.06276401795565e-08,6.38592733363375e-10,6.38592733363375e-10,1.06276401795565e-08,2,2,2,TRUE
T.Total,7-100272797,7,103382275,0.141975308641975,,,3.7641179721466e-10,1.11514304947414e-08,3.7641179721466e-10,1.11514304947414e-08,2,2,2,TRUE
Y,7-5098339,7,5351899,0.305439330543933,1.14898451522916e-08,,,4.65326506619061e-17,4.65326506619061e-17,1.14898451522916e-08,2,2,2,TRUE
N.E,10-100376428,10,100884292,0.0950413223140496,,,1.22856780451206e-08,7.29255829034795e-09,7.29255829034795e-09,1.22856780451206e-08,2,1,2,FALSE
Total,9-151248310,9,154169056,0.150627615062761,,,1.27518996921386e-08,1.05632379640825e-09,1.05632379640825e-09,1.27518996921386e-08,2,1,2,FALSE
Total,1-173243664,1,175161765,0.209205020920502,,,1.28146782750908e-08,1.55355499629742e-10,1.55355499629742e-10,1.28146782750908e-08,2,1,2,FALSE
IMNTDK,8-3298463,8,3529178,0.170781893004115,,,1.29648335840148e-08,3.41601486038038e-09,3.41601486038038e-09,1.29648335840148e-08,2,1,2,FALSE
S.Total,6-91799228,6,94236864,0.429166666666667,,,2.55510240358251e-09,1.32106354167666e-08,2.55510240358251e-09,1.32106354167666e-08,2,1,2,FALSE
N.IMNTDK,3-182468087,3,185330224,0.1,,,1.33967372897965e-08,1.54696580661611e-11,1.54696580661611e-11,1.33967372897965e-08,2,1,2,FALSE
LAV,3-223985709,3,227649942,0.404661016949153,,,1.37665157141608e-08,7.80000302775926e-18,7.80000302775926e-18,1.37665157141608e-08,2,1,2,FALSE
N.Total,2-184827435,2,189704338,0.139583333333333,,,1.41321535797094e-08,1.89798694268239e-11,1.89798694268239e-11,1.41321535797094e-08,2,1,2,FALSE
R.Total,5-162877357,5,166725023,0.378099173553719,,,7.08621553772413e-09,1.45762050781711e-08,7.08621553772413e-09,1.45762050781711e-08,2,1,2,FALSE
Q,8-145687497,8,150523746,0.427083333333333,,,1.53823602998283e-08,7.62895937473754e-11,7.62895937473754e-11,1.53823602998283e-08,2,1,2,FALSE
S.Total,5-134781306,5,138071667,0.302083333333333,,,1.57852709967175e-08,3.04373956074798e-10,3.04373956074798e-10,1.57852709967175e-08,2,1,2,FALSE
K.IMNTDK,3-131958394,3,132539676,0.0871369294605809,,,1.36231286976562e-14,1.65436664857526e-08,1.36231286976562e-14,1.65436664857526e-08,2,1,2,FALSE
N.IMNTDK,5-12983195,5,13344016,0.289795918367347,,,1.67669505114811e-08,7.4357147498973e-09,7.4357147498973e-09,1.67669505114811e-08,2,1,2,FALSE
Total,9-143296510,9,145764224,0.169456066945607,,,1.69181682724396e-08,8.37304854905307e-09,8.37304854905307e-09,1.69181682724396e-08,2,1,2,FALSE
N.Total,1-225543504,1,229130126,0.23125,,,1.80200804853664e-08,5.30450181263454e-10,5.30450181263454e-10,1.80200804853664e-08,2,1,2,FALSE
R.Total,9-17121702,9,16860666,0.130165289256198,,,1.81170769148804e-08,1.285278751873e-12,1.285278751873e-12,1.81170769148804e-08,2,1,2,FALSE
Q,6-153817626,6,157804658,0.154166666666667,,,1.89504895675717e-08,2.53753151979773e-13,2.53753151979773e-13,1.89504895675717e-08,2,1,2,FALSE
N.Total,2-9419791,2,9591672,0.2875,,,1.93168127100469e-08,1.60343758863809e-09,1.60343758863809e-09,1.93168127100469e-08,2,1,2,FALSE
SGC,3-22735502,3,22165178,0.402489626556017,,,1.97136609594064e-08,2.62865074797694e-11,2.62865074797694e-11,1.97136609594064e-08,2,1,2,FALSE
N.D,6-109339521,6,113840506,0.0764462809917356,,,2.01741069124028e-08,5.79025310036528e-09,5.79025310036528e-09,2.01741069124028e-08,2,1,2,FALSE
I.IMNTDK,7-103688848,7,106914874,0.130165289256198,,,1.81972281876016e-12,2.11058218777002e-08,1.81972281876016e-12,2.11058218777002e-08,2,1,2,FALSE
N.IMNTDK,4-127884960,4,130890670,0.397959183673469,,,2.1311413358556e-08,6.45162648744065e-09,6.45162648744065e-09,2.1311413358556e-08,2,1,2,FALSE
EHPRQ,5-178784901,5,182805559,0.444214876033058,,,2.1580933252845e-08,1.98717748565459e-09,1.98717748565459e-09,2.1580933252845e-08,2,1,2,FALSE
H.Total,3-112246110,3,98160991,0.164583333333333,,,6.35086337501628e-12,2.18560998710634e-08,6.35086337501628e-12,2.18560998710634e-08,2,1,2,FALSE
I.Total,4-239429245,4,244309256,0.233193277310924,,,2.32280915705099e-08,4.44989281839813e-14,4.44989281839813e-14,2.32280915705099e-08,2,1,2,FALSE
Total,5-91628660,5,93936266,0.445606694560669,,,2.6427934875744e-08,1.1417389073045e-10,1.1417389073045e-10,2.6427934875744e-08,2,1,2,FALSE
Q,4-206431958,4,210795998,0.25625,,,2.65440236169602e-08,1.54016092795096e-18,1.54016092795096e-18,2.65440236169602e-08,2,1,2,FALSE
K.IMNTDK,8-23969168,8,24735314,0.236514522821577,,,1.09022492119748e-08,2.95182665605691e-08,1.09022492119748e-08,2.95182665605691e-08,2,1,2,FALSE
H.Total,2-133754362,2,137299817,0.4125,,,3.13010912944079e-08,2.29230406541745e-11,2.29230406541745e-11,3.13010912944079e-08,2,1,2,FALSE
S.Total,4-179692257,4,182613275,0.341666666666667,,,3.85978742287645e-08,2.35496187663143e-11,2.35496187663143e-11,3.85978742287645e-08,2,1,2,FALSE
SGC,3-200022816,3,203835845,0.0995850622406639,,,3.93666915809206e-08,2.94721204834098e-09,2.94721204834098e-09,3.93666915809206e-08,2,1,2,FALSE
LAV,3-19934463,3,19337556,0.385593220338983,,,4.08076555591545e-08,1.19560298183343e-10,1.19560298183343e-10,4.08076555591545e-08,2,1,2,FALSE
C.Total,7-169034756,7,174560171,0.327160493827161,,,4.10846806755161e-08,9.3804768968473e-12,9.3804768968473e-12,4.10846806755161e-08,2,1,2,FALSE
I.Total,4-130031887,4,133070599,0.218487394957983,,,4.88641764764256e-10,4.13332691116775e-08,4.88641764764256e-10,4.13332691116775e-08,2,1,2,FALSE
N.Total,5-6851962,5,7047181,0.2375,,,4.4333670959784e-08,8.33384462284138e-12,8.33384462284138e-12,4.4333670959784e-08,2,1,2,FALSE
IMNTDK,1-205460949,1,208247035,0.302469135802469,,,1.08923354231132e-11,4.99731297048365e-08,1.08923354231132e-11,4.99731297048365e-08,2,1,2,FALSE
N.Total,7-164870102,7,170387368,0.241666666666667,,,5.29879068823506e-08,3.3923462589966e-09,3.3923462589966e-09,5.29879068823506e-08,2,1,2,FALSE
R.EHPRQ,8-133483590,8,137882581,0.173469387755102,,,2.3331744703931e-08,5.32695351789417e-08,2.3331744703931e-08,5.32695351789417e-08,2,0,2,FALSE
K.IMNTDK,8-119578467,8,123094234,0.16597510373444,,,5.67927370665266e-08,2.09787420560738e-08,2.09787420560738e-08,5.67927370665266e-08,2,0,2,FALSE
M.IMNTDK,1-223855213,1,227393125,0.226530612244898,,,5.85093371120878e-08,3.12765889574024e-16,3.12765889574024e-16,5.85093371120878e-08,2,1,2,FALSE
N.E,5-17993326,5,17877202,0.40495867768595,,,1.60435344514983e-09,5.87130550757603e-08,1.60435344514983e-09,5.87130550757603e-08,2,1,2,FALSE
K.IMNTDK,3-100270156,6,96166828,0.273858921161826,,,2.11071252496512e-10,6.7903799579979e-08,2.11071252496512e-10,6.7903799579979e-08,2,1,2,FALSE
N.E,6-68111008,6,70878267,0.202479338842975,,,6.90314987892815e-08,3.10948342083183e-10,3.10948342083183e-10,6.90314987892815e-08,2,1,2,FALSE
A.Total,6-45701582,6,47243097,0.0502092050209205,,,7.36142206332463e-08,1.59661537232443e-08,1.59661537232443e-08,7.36142206332463e-08,2,0,2,FALSE
SGC,3-79867117,3,80144205,0.0643153526970954,,,1.39191996219442e-09,7.47874781760188e-08,1.39191996219442e-09,7.47874781760188e-08,2,1,2,FALSE
N.E,6-1993914,6,1977527,0.0971074380165289,,,7.87090189987614e-08,5.43770671962652e-08,5.43770671962652e-08,7.87090189987614e-08,2,0,2,FALSE
N.E,9-136384685,9,138696036,0.233471074380165,,,7.94198232979818e-08,6.74755819798969e-09,6.74755819798969e-09,7.94198232979818e-08,2,1,2,FALSE
K.IMNTDK,3-79284265,3,79535983,0.269709543568465,,,5.92664642046284e-12,8.77869490649914e-08,5.92664642046284e-12,8.77869490649914e-08,2,1,2,FALSE
Q,1-155477223,1,157352030,0.4625,,,4.44414319662295e-08,9.78171565104516e-08,4.44414319662295e-08,9.78171565104516e-08,2,0,2,FALSE
EHPRQ,5-91400790,5,93697681,0.460743801652893,,,9.84689385152533e-08,9.30364644673673e-08,9.30364644673673e-08,9.84689385152533e-08,2,0,2,FALSE
Total_PBAA,7-97612881,7,100626324,0.0823045267489712,,,9.24691274202893e-08,1.03123606182967e-07,9.24691274202893e-08,1.03123606182967e-07,2,0,2,FALSE
SGC,4-206434582,4,210798622,0.203319502074689,,,1.4845764550393e-08,1.06218357009662e-07,1.4845764550393e-08,1.06218357009662e-07,2,0,2,FALSE
I.IMNTDK,2-28679785,2,29470044,0.497933884297521,,,1.07194365977888e-07,3.32578690610392e-13,3.32578690610392e-13,1.07194365977888e-07,2,1,2,FALSE
N,3-229292861,3,233104827,0.0758196721311475,,,3.62048563123258e-08,1.0968759625987e-07,3.62048563123258e-08,1.0968759625987e-07,2,0,2,FALSE
G.Total,2-188713190,2,193728780,0.0681818181818182,,,2.21602431282389e-11,1.13498741300876e-07,2.21602431282389e-11,1.13498741300876e-07,2,1,2,FALSE
Q,9-99362865,9,101777301,0.0979166666666667,,,2.95785504489774e-09,1.1383941310651e-07,2.95785504489774e-09,1.1383941310651e-07,2,1,2,FALSE
EHPRQ,2-124869470,2,128355511,0.247933884297521,,,1.18452836979423e-07,3.04442197933001e-09,3.04442197933001e-09,1.18452836979423e-07,2,1,2,FALSE
Q.EHPRQ,6-70951630,6,73699093,0.135802469135803,,,1.23233360689627e-07,2.87875645454275e-14,2.87875645454275e-14,1.23233360689627e-07,2,1,2,FALSE
D.IMNTDK,1-75104829,1,76550677,0.0938775510204082,1.24252002258139e-07,,5.998649738309e-12,1.61491835998067e-15,1.61491835998067e-15,1.24252002258139e-07,3,2,3,FALSE
LAV,10-129288568,10,130414444,0.309322033898305,,,1.28650886438713e-07,3.37972832983696e-12,3.37972832983696e-12,1.28650886438713e-07,2,1,2,FALSE
Q.Total,4-55706712,4,57995880,0.078838174273859,,,1.30012297124362e-07,6.26178684576058e-12,6.26178684576058e-12,1.30012297124362e-07,2,1,2,FALSE
S.SGC,7-10168824,7,10455915,0.246938775510204,1.30098115481125e-07,,2.26566466966065e-09,,2.26566466966065e-09,1.30098115481125e-07,2,1,2,FALSE
L,7-165424846,7,170975152,0.244635193133047,1.3303013374001e-07,,1.52403037581476e-10,4.54444025596522e-13,4.54444025596522e-13,1.3303013374001e-07,3,2,3,FALSE
N.D,1-287792927,1,292912004,0.206611570247934,,,3.21908027009655e-08,1.34662855983963e-07,3.21908027009655e-08,1.34662855983963e-07,2,0,2,FALSE
R.Total,8-775259,8,910043,0.402892561983471,,,1.69426685071138e-08,1.35461005056194e-07,1.69426685071138e-08,1.35461005056194e-07,2,0,2,FALSE
N.D,9-108305986,9,110879286,0.289256198347107,,,1.38545849751943e-07,1.11551941876695e-08,1.11551941876695e-08,1.38545849751943e-07,2,1,2,FALSE
G,8-168485687,8,174164562,0.277551020408163,1.43837948738905e-07,,1.02346393592431e-08,5.54003843787638e-12,5.54003843787638e-12,1.43837948738905e-07,3,2,3,FALSE
SGC,8-58106713,8,59371439,0.116182572614108,,,1.461286272424e-07,4.4165556135727e-08,4.4165556135727e-08,1.461286272424e-07,2,0,2,FALSE
W.Total,9-142706664,9,145065471,0.0743801652892562,,,3.00517141977892e-10,1.5346905736048e-07,3.00517141977892e-10,1.5346905736048e-07,2,1,2,FALSE
C.Total,3-199905640,3,203953170,0.450617283950617,,,1.55066914629494e-07,1.07863115512822e-13,1.07863115512822e-13,1.55066914629494e-07,2,1,2,FALSE
Q.EHPRQ,6-60196610,6,62814296,0.207818930041152,,,9.32910104955019e-09,1.65489295561612e-07,9.32910104955019e-09,1.65489295561612e-07,2,1,2,FALSE
M,5-216467557,5,222330803,0.208860759493671,1.44399418895821e-07,,8.45235619964612e-09,1.66504361090336e-07,8.45235619964612e-09,1.66504361090336e-07,3,1,3,FALSE
D.Total,5-9663930,5,10010988,0.150205761316872,1.6717293449306e-07,,6.22621053825085e-13,2.15888950801518e-11,6.22621053825085e-13,1.6717293449306e-07,3,2,3,FALSE
N.Q,5-183533475,5,188141540,0.305327868852459,,,4.29346144609239e-09,1.70036763734554e-07,4.29346144609239e-09,1.70036763734554e-07,2,1,2,FALSE
N.E,1-32351582,1,32636168,0.0888429752066116,,,1.71400145680908e-07,1.65308313214016e-08,1.65308313214016e-08,1.71400145680908e-07,2,0,2,FALSE
G.Total,1-217508808,1,220646601,0.0681818181818182,,,1.81960981221409e-07,4.13390261936016e-08,4.13390261936016e-08,1.81960981221409e-07,2,0,2,FALSE
WFY,9-142245664,9,144673617,0.105485232067511,,,1.884673109892e-07,5.22277813277377e-16,5.22277813277377e-16,1.884673109892e-07,2,1,2,FALSE
K.IMNTDK,3-100266231,4,191635907,0.201244813278008,,,1.9155397123231e-07,1.00432906633658e-07,1.00432906633658e-07,1.9155397123231e-07,2,0,2,FALSE
Q,1-292956411,1,298412139,0.260416666666667,,,1.9351673248956e-07,6.64746337776011e-13,6.64746337776011e-13,1.9351673248956e-07,2,1,2,FALSE
S.Total,6-118935258,6,122753033,0.33125,,,2.03048891828424e-07,3.59185752688657e-08,3.59185752688657e-08,2.03048891828424e-07,2,0,2,FALSE
G.SGC,7-10168824,7,10455915,0.246938775510204,2.06551009051711e-07,,1.9298642870459e-09,,1.9298642870459e-09,2.06551009051711e-07,2,1,2,FALSE
W.Total,5-206978748,5,212586390,0.0785123966942148,,,2.23684512886377e-10,2.09819653858136e-07,2.23684512886377e-10,2.09819653858136e-07,2,1,2,FALSE
N.Total,6-109339521,6,113840506,0.0770833333333333,,,6.95614186225216e-09,2.12883590319276e-07,6.95614186225216e-09,2.12883590319276e-07,2,1,2,FALSE
WFY,10-67014781,10,66252635,0.135021097046414,,,2.2389131154634e-07,1.18304203794588e-12,1.18304203794588e-12,2.2389131154634e-07,2,1,2,FALSE
L,8-7435225,8,7744673,0.433476394849785,2.42526119774682e-07,,6.90886088370055e-11,3.83912061657811e-17,3.83912061657811e-17,2.42526119774682e-07,3,2,3,FALSE
