Phenotype,Models_run,N_models_run,N_rows_raw,M_snps_assumed,P_suggestive,P_bonferroni,P_star_in_file,N_sugg_union,N_sugg_2plus,N_sugg_3plus,N_sugg_all_models,N_bonf_union,N_bonf_2plus,N_bonf_3plus,N_bonf_all_models,Runtime_min,N_sugg_MLM,N_bonf_MLM,N_sugg_MLMM,N_bonf_MLMM,N_sugg_BLINK,N_bonf_BLINK,N_sugg_FarmCPU,N_bonf_FarmCPU
R.Total,BLINK+FarmCPU,2,8355592,4117796,2.42848358685083e-07,1.21424179342542e-08,,56,8,0,8,28,5,0,5,0.354046181837718,0,0,0,0,30,14,34,19
K.IMNTDK,BLINK+FarmCPU,2,7937581,4117796,2.42848358685083e-07,1.21424179342542e-08,,49,10,0,10,27,4,0,4,0.336837077140808,0,0,0,0,28,20,31,11
IMNTDK,BLINK+FarmCPU,2,8355592,4117796,2.42848358685083e-07,1.21424179342542e-08,,68,6,0,6,35,4,0,4,0.404455327987671,0,0,0,0,27,15,47,24
N.E,BLINK+FarmCPU,2,8355592,4117796,2.42848358685083e-07,1.21424179342542e-08,,68,9,0,9,39,3,0,3,0.366451346874237,0,0,0,0,24,16,53,26
N.Total,BLINK+FarmCPU,2,8355592,4117796,2.42848358685083e-07,1.21424179342542e-08,,59,9,0,9,33,3,0,3,0.348604277769725,0,0,0,0,24,10,44,26
Q,BLINK+FarmCPU,2,8355592,4117796,2.42848358685083e-07,1.21424179342542e-08,,59,9,0,9,33,3,0,3,0.341778345902761,0,0,0,0,24,12,44,24
C.Total,BLINK+FarmCPU,2,8355592,4117796,2.42848358685083e-07,1.21424179342542e-08,,47,5,0,5,31,3,0,3,0.387364828586578,0,0,0,0,13,10,39,24
I.Total,BLINK+FarmCPU,2,8355592,4117796,2.42848358685083e-07,1.21424179342542e-08,,25,5,0,5,17,3,0,3,0.37571587562561,0,0,0,0,13,11,17,9
N,BLINK+FarmCPU,2,8355592,4117796,2.42848358685083e-07,1.21424179342542e-08,,66,4,0,4,34,3,0,3,0.332656860351563,0,0,0,0,15,8,55,29
Q.Total,BLINK+FarmCPU,2,8355592,4117796,2.42848358685083e-07,1.21424179342542e-08,,21,4,0,4,11,3,0,3,0.346553508440653,0,0,0,0,11,7,14,7
R.EHPRQ,BLINK+FarmCPU,2,7937581,4117796,2.42848358685083e-07,1.21424179342542e-08,,45,4,0,4,24,3,0,3,0.341979992389679,0,0,0,0,22,12,27,15
S.Total,BLINK+FarmCPU,2,8355592,4117796,2.42848358685083e-07,1.21424179342542e-08,,63,6,0,6,32,2,0,2,0.377133627732595,0,0,0,0,12,4,57,30
LAV,BLINK+FarmCPU,2,7937581,4117796,2.42848358685083e-07,1.21424179342542e-08,,45,5,0,5,27,2,0,2,0.349503839015961,0,0,0,0,9,4,41,25
H.Total,BLINK+FarmCPU,2,8355592,4117796,2.42848358685083e-07,1.21424179342542e-08,,15,4,0,4,7,2,0,2,0.338642509778341,0,0,0,0,6,5,13,4
Q.EHPRQ,BLINK+FarmCPU,2,8355592,4117796,2.42848358685083e-07,1.21424179342542e-08,,36,4,0,4,21,2,0,2,0.344557599226634,0,0,0,0,23,16,17,7
IVL,BLINK+FarmCPU,2,7937581,4117796,2.42848358685083e-07,1.21424179342542e-08,,54,2,0,2,25,2,0,2,0.349874560038249,0,0,0,0,6,4,50,23
K.Total,BLINK+FarmCPU,2,8355592,4117796,2.42848358685083e-07,1.21424179342542e-08,,12,2,0,2,7,2,0,2,0.352909155686696,0,0,0,0,4,3,10,6
SGC,BLINK+FarmCPU,2,7937581,4117796,2.42848358685083e-07,1.21424179342542e-08,,75,6,0,6,40,1,0,1,0.344082645575205,0,0,0,0,15,5,66,36
Total,BLINK+FarmCPU,2,8355592,4117796,2.42848358685083e-07,1.21424179342542e-08,,60,5,0,5,31,1,0,1,0.344593036174774,0,0,0,0,11,2,54,30
N.D,BLINK+FarmCPU,2,8355592,4117796,2.42848358685083e-07,1.21424179342542e-08,,63,4,0,4,35,1,0,1,0.350091461340586,0,0,0,0,18,6,49,30
I.IMNTDK,BLINK+FarmCPU,2,7937581,4117796,2.42848358685083e-07,1.21424179342542e-08,,74,3,0,3,31,1,0,1,0.355524253845215,0,0,0,0,13,3,64,29
WFY,BLINK+FarmCPU,2,7937581,4117796,2.42848358685083e-07,1.21424179342542e-08,,35,3,0,3,20,1,0,1,0.330341148376465,0,0,0,0,7,4,31,17
A.Total,BLINK+FarmCPU,2,8355592,4117796,2.42848358685083e-07,1.21424179342542e-08,,6,2,0,2,4,1,0,1,0.404280654589335,0,0,0,0,5,4,3,1
N.Q,BLINK+FarmCPU,2,8355592,4117796,2.42848358685083e-07,1.21424179342542e-08,,50,2,0,2,24,1,0,1,0.357025059064229,0,0,0,0,8,6,44,19
Total_PBAA,BLINK+FarmCPU,2,8355592,4117796,2.42848358685083e-07,1.21424179342542e-08,,17,2,0,2,9,1,0,1,0.350454541047414,0,0,0,0,9,7,10,3
T.Total,BLINK+FarmCPU,2,8355592,4117796,2.42848358685083e-07,1.21424179342542e-08,,2,1,0,1,1,1,0,1,0.344641753037771,0,0,0,0,1,1,2,1
Total_N,BLINK+FarmCPU,2,8355592,4117796,2.42848358685083e-07,1.21424179342542e-08,,19,1,0,1,14,1,0,1,0.370934776465098,0,0,0,0,12,9,8,6
Y,MLM+FarmCPU,2,8355592,4117796,2.42848358685083e-07,1.21424179342542e-08,,25,1,0,1,11,1,0,1,0.322106866041819,3,1,0,0,0,0,23,11
EHPRQ,BLINK+FarmCPU,2,8355592,4117796,2.42848358685083e-07,1.21424179342542e-08,,54,3,0,3,20,0,0,0,0.374846581617991,0,0,0,0,9,2,48,18
N.IMNTDK,BLINK+FarmCPU,2,8355592,4117796,2.42848358685083e-07,1.21424179342542e-08,,52,3,0,3,30,0,0,0,0.35334434111913,0,0,0,0,10,3,45,27
G.Total,BLINK+FarmCPU,2,8355592,4117796,2.42848358685083e-07,1.21424179342542e-08,,7,2,0,2,3,0,0,0,0.353503211339315,0,0,0,0,3,1,6,2
L,MLM+BLINK+FarmCPU,3,12533388,4117796,2.42848358685083e-07,1.21424179342542e-08,,49,5,2,2,30,3,0,0,0.41731538772583,2,0,0,0,10,6,44,27
W.Total,BLINK+FarmCPU,2,8355592,4117796,2.42848358685083e-07,1.21424179342542e-08,,4,2,0,2,2,0,0,0,0.320604499181112,0,0,0,0,4,2,2,0
D.IMNTDK,MLM+BLINK+FarmCPU,3,12533388,4117796,2.42848358685083e-07,1.21424179342542e-08,,77,9,1,1,37,4,0,0,0.891920864582062,23,2,0,0,19,13,45,26
D.Total,MLM+BLINK+FarmCPU,3,12533388,4117796,2.42848358685083e-07,1.21424179342542e-08,,8,2,1,1,5,1,0,0,0.522584652900696,1,0,0,0,4,2,6,4
G,MLM+BLINK+FarmCPU,3,12533388,4117796,2.42848358685083e-07,1.21424179342542e-08,,56,7,1,1,31,4,0,0,0.469386927286784,1,0,0,0,19,10,44,25
G.SGC,MLM+BLINK,2,8355592,4117796,2.42848358685083e-07,1.21424179342542e-08,,16,1,0,1,10,0,0,0,0.359071032206217,1,0,0,0,16,10,0,0
M,MLM+BLINK+FarmCPU,3,12533388,4117796,2.42848358685083e-07,1.21424179342542e-08,,50,6,1,1,37,4,0,0,0.44846586783727,1,0,0,0,16,11,40,30
M.IMNTDK,BLINK+FarmCPU,2,7937581,4117796,2.42848358685083e-07,1.21424179342542e-08,,45,1,0,1,18,0,0,0,0.322721366087596,0,0,0,0,16,4,30,14
S.SGC,MLM+BLINK,2,8355592,4117796,2.42848358685083e-07,1.21424179342542e-08,,19,1,0,1,12,0,0,0,0.331764729817708,1,0,0,0,19,12,0,0
A,MLM+BLINK+FarmCPU,3,12533388,4117796,2.42848358685083e-07,1.21424179342542e-08,,40,4,0,0,25,1,0,0,0.524800717830658,0,0,0,0,16,5,28,21
A.LAV,MLM+BLINK,2,8355592,4117796,2.42848358685083e-07,1.21424179342542e-08,,2,0,0,0,2,0,0,0,0.371837496757507,0,0,0,0,2,2,0,0
C,MLM+FarmCPU,2,8355592,4117796,2.42848358685083e-07,1.21424179342542e-08,,6,0,0,0,3,0,0,0,0.390958412488302,0,0,0,0,0,0,6,3
C.SGC,MLM+BLINK,2,8355592,4117796,2.42848358685083e-07,1.21424179342542e-08,,20,0,0,0,11,0,0,0,0.387424914042155,1,0,0,0,19,11,0,0
D,MLM+BLINK+FarmCPU,3,12533388,4117796,2.42848358685083e-07,1.21424179342542e-08,,23,1,0,0,12,1,0,0,0.546539171536764,0,0,0,0,9,3,15,10
D.EHPRQ,MLM+BLINK+FarmCPU,3,12533388,4117796,2.42848358685083e-07,1.21424179342542e-08,,6,0,0,0,2,0,0,0,0.826563330491384,0,0,0,0,1,1,5,1
E,MLM+BLINK+FarmCPU,3,12533388,4117796,2.42848358685083e-07,1.21424179342542e-08,,23,1,0,0,14,0,0,0,0.555915061632792,0,0,0,0,11,6,13,8
E.EHPRQ,MLM+BLINK+FarmCPU,3,12533388,4117796,2.42848358685083e-07,1.21424179342542e-08,,2,0,0,0,0,0,0,0,0.464550824960073,0,0,0,0,2,0,0,0
E.Total,MLM+BLINK+FarmCPU,3,12341091,4117796,2.42848358685083e-07,1.21424179342542e-08,,20,2,0,0,8,1,0,0,0.507300468285879,0,0,0,0,11,4,11,5
F,MLM+FarmCPU,2,8355592,4117796,2.42848358685083e-07,1.21424179342542e-08,,43,0,0,0,29,0,0,0,0.334991200764974,0,0,0,0,0,0,43,29
F.Total,BLINK+FarmCPU,2,8355592,4117796,2.42848358685083e-07,1.21424179342542e-08,,5,0,0,0,4,0,0,0,0.373829460144043,0,0,0,0,5,4,0,0
F.WFY,MLM+BLINK,2,8355592,4117796,2.42848358685083e-07,1.21424179342542e-08,,7,0,0,0,6,0,0,0,0.331952253977458,0,0,0,0,7,6,0,0
H,MLM+BLINK+FarmCPU,3,12533388,4117796,2.42848358685083e-07,1.21424179342542e-08,,66,8,0,0,33,6,0,0,0.425819571812948,1,0,0,0,20,10,53,29
H.EHPRQ,BLINK+FarmCPU,2,7937581,4117796,2.42848358685083e-07,1.21424179342542e-08,,0,0,0,0,0,0,0,0,0.322444307804108,0,0,0,0,0,0,0,0
I,MLM+BLINK+FarmCPU,3,12533388,4117796,2.42848358685083e-07,1.21424179342542e-08,,58,5,0,0,31,3,0,0,0.436391162872314,0,0,0,0,20,12,43,22
I.IVL,MLM+BLINK,2,8355592,4117796,2.42848358685083e-07,1.21424179342542e-08,,16,0,0,0,8,0,0,0,0.331752487023672,0,0,0,0,16,8,0,0
I.LAV,MLM+BLINK,2,8355592,4117796,2.42848358685083e-07,1.21424179342542e-08,,16,0,0,0,8,0,0,0,0.341344741980235,0,0,0,0,16,8,0,0
K,MLM+BLINK+FarmCPU,3,12533388,4117796,2.42848358685083e-07,1.21424179342542e-08,,53,0,0,0,28,0,0,0,0.469333414236704,0,0,0,0,16,9,37,19
L.IVL,MLM+BLINK,2,8355592,4117796,2.42848358685083e-07,1.21424179342542e-08,,1,0,0,0,1,0,0,0,0.308571942647298,0,0,0,0,1,1,0,0
L.LAV,MLM+BLINK,2,8355592,4117796,2.42848358685083e-07,1.21424179342542e-08,,4,0,0,0,4,0,0,0,0.321331199010213,0,0,0,0,4,4,0,0
L.Total,BLINK+FarmCPU,2,8355592,4117796,2.42848358685083e-07,1.21424179342542e-08,,0,0,0,0,0,0,0,0,0.315537575880686,0,0,0,0,0,0,0,0
M.Total,BLINK+FarmCPU,2,8355592,4117796,2.42848358685083e-07,1.21424179342542e-08,,3,0,0,0,3,0,0,0,0.317702627182007,0,0,0,0,3,3,0,0
P,MLM+FarmCPU,2,8355592,4117796,2.42848358685083e-07,1.21424179342542e-08,,47,0,0,0,29,0,0,0,0.302646644910177,0,0,0,0,0,0,47,29
P.EHPRQ,BLINK+FarmCPU,2,7937581,4117796,2.42848358685083e-07,1.21424179342542e-08,,0,0,0,0,0,0,0,0,0.30899981657664,0,0,0,0,0,0,0,0
P.Total,BLINK+FarmCPU,2,8355592,4117796,2.42848358685083e-07,1.21424179342542e-08,,0,0,0,0,0,0,0,0,0.30686316092809,0,0,0,0,0,0,0,0
S,MLM+FarmCPU,2,8355592,4117796,2.42848358685083e-07,1.21424179342542e-08,,51,0,0,0,33,0,0,0,0.305442535877228,0,0,0,0,0,0,51,33
T,MLM+FarmCPU,2,8355592,4117796,2.42848358685083e-07,1.21424179342542e-08,,48,0,0,0,24,0,0,0,0.310249618689219,0,0,0,0,0,0,48,24
T.IMNTDK,BLINK+FarmCPU,2,7937581,4117796,2.42848358685083e-07,1.21424179342542e-08,,5,0,0,0,2,0,0,0,0.350760145982107,0,0,0,0,1,1,4,1
V,MLM+FarmCPU,2,8355592,4117796,2.42848358685083e-07,1.21424179342542e-08,,42,0,0,0,24,0,0,0,0.293037970860799,0,0,0,0,0,0,42,24
V.IVL,MLM+BLINK,2,8355592,4117796,2.42848358685083e-07,1.21424179342542e-08,,4,0,0,0,3,0,0,0,0.320540539423625,0,0,0,0,4,3,0,0
V.LAV,MLM+BLINK,2,8355592,4117796,2.42848358685083e-07,1.21424179342542e-08,,0,0,0,0,0,0,0,0,0.31548060576121,0,0,0,0,0,0,0,0
V.Total,BLINK+FarmCPU,2,8355592,4117796,2.42848358685083e-07,1.21424179342542e-08,,0,0,0,0,0,0,0,0,0.301398400465647,0,0,0,0,0,0,0,0
W,MLM+FarmCPU,2,8355592,4117796,2.42848358685083e-07,1.21424179342542e-08,,45,0,0,0,26,0,0,0,0.304381120204926,0,0,0,0,0,0,45,26
W.WFY,MLM+BLINK,2,8355592,4117796,2.42848358685083e-07,1.21424179342542e-08,,9,0,0,0,7,0,0,0,0.34364009698232,0,0,0,0,9,7,0,0
Y.Total,BLINK+FarmCPU,2,8355592,4117796,2.42848358685083e-07,1.21424179342542e-08,,1,0,0,0,1,0,0,0,0.339092151323954,0,0,0,0,1,1,0,0
Y.WFY,MLM+BLINK,2,8355592,4117796,2.42848358685083e-07,1.21424179342542e-08,,10,0,0,0,5,0,0,0,0.333056346575419,1,0,0,0,9,5,0,0
