GeneID,GeneSymbol,GeneChr,GeneStart,GeneEnd,Phenotype,SNP,Chr,SNP_Pos,P_MLM,P_MLMM,P_BLINK,P_FarmCPU,min_P,max_P,Relation,Distance_to_Gene_bp
Zm00001eb214460,Zm00001eb214460,chr5,7021841,7022304,N.D,5-6851962,5,7047181,,,1.0942162202325e-13,1.46247024538634e-13,1.0942162202325e-13,1.46247024538634e-13,downstream,24877
Zm00001eb214470,Zm00001eb214470,chr5,7022712,7024750,N.D,5-6851962,5,7047181,,,1.0942162202325e-13,1.46247024538634e-13,1.0942162202325e-13,1.46247024538634e-13,downstream,22431
Zm00001eb214480,Zm00001eb214480,chr5,7027114,7030775,N.D,5-6851962,5,7047181,,,1.0942162202325e-13,1.46247024538634e-13,1.0942162202325e-13,1.46247024538634e-13,downstream,16406
Zm00001eb214490,Zm00001eb214490,chr5,7036578,7039527,N.D,5-6851962,5,7047181,,,1.0942162202325e-13,1.46247024538634e-13,1.0942162202325e-13,1.46247024538634e-13,downstream,7654
Zm00001eb214500,Zm00001eb214500,chr5,7042486,7046073,N.D,5-6851962,5,7047181,,,1.0942162202325e-13,1.46247024538634e-13,1.0942162202325e-13,1.46247024538634e-13,downstream,1108
Zm00001eb214510,Zm00001eb214510,chr5,7048706,7052179,N.D,5-6851962,5,7047181,,,1.0942162202325e-13,1.46247024538634e-13,1.0942162202325e-13,1.46247024538634e-13,upstream,1525
Zm00001eb079630,Zm00001eb079630,chr2,39109123,39111336,N,2-38205709,2,39115733,,,2.72451583919986e-13,8.95919313182361e-14,8.95919313182361e-14,2.72451583919986e-13,downstream,4397
Zm00001eb079640,Zm00001eb079640,chr2,39118514,39123657,N,2-38205709,2,39115733,,,2.72451583919986e-13,8.95919313182361e-14,8.95919313182361e-14,2.72451583919986e-13,upstream,2781
Zm00001eb079650,Zm00001eb079650,chr2,39122592,39123657,N,2-38205709,2,39115733,,,2.72451583919986e-13,8.95919313182361e-14,8.95919313182361e-14,2.72451583919986e-13,upstream,6859
Zm00001eb079660,Zm00001eb079660,chr2,39124011,39126954,N,2-38205709,2,39115733,,,2.72451583919986e-13,8.95919313182361e-14,8.95919313182361e-14,2.72451583919986e-13,upstream,8278
Zm00001eb079670,Zm00001eb079670,chr2,39124166,39126596,N,2-38205709,2,39115733,,,2.72451583919986e-13,8.95919313182361e-14,8.95919313182361e-14,2.72451583919986e-13,upstream,8433
Zm00001eb433190,Zm00001eb433190,chr10,149567677,149569414,Q,10-148248665,10,149586775,,,3.17898160387303e-12,1.58050288664475e-15,1.58050288664475e-15,3.17898160387303e-12,downstream,17361
Zm00001eb433200,Zm00001eb433200,chr10,149576981,149580756,Q,10-148248665,10,149586775,,,3.17898160387303e-12,1.58050288664475e-15,1.58050288664475e-15,3.17898160387303e-12,downstream,6019
Zm00001eb433210,Zm00001eb433210,chr10,149578869,149581031,Q,10-148248665,10,149586775,,,3.17898160387303e-12,1.58050288664475e-15,1.58050288664475e-15,3.17898160387303e-12,downstream,5744
Zm00001eb433220,Zm00001eb433220,chr10,149584269,149588825,Q,10-148248665,10,149586775,,,3.17898160387303e-12,1.58050288664475e-15,1.58050288664475e-15,3.17898160387303e-12,within,0
Zm00001eb433230,Zm00001eb433230,chr10,149588656,149592451,Q,10-148248665,10,149586775,,,3.17898160387303e-12,1.58050288664475e-15,1.58050288664475e-15,3.17898160387303e-12,upstream,1881
Zm00001eb294210,Zm00001eb294210,chr6,173049234,173061199,A.Total,6-169045676,6,173082541,,,2.061301141048e-12,3.20719792062224e-12,2.061301141048e-12,3.20719792062224e-12,downstream,21342
Zm00001eb303550,Zm00001eb303550,chr7,21060699,21061148,R.Total,7-20200646,7,21086049,,,2.33595397690297e-11,2.71208386195073e-13,2.71208386195073e-13,2.33595397690297e-11,downstream,24901
Zm00001eb157240,Zm00001eb157240,chr3,215778117,215778480,I.IMNTDK,3-212191792,3,215782315,,,3.89118078515264e-11,2.74840555686024e-11,2.74840555686024e-11,3.89118078515264e-11,downstream,3835
Zm00001eb157250,Zm00001eb157250,chr3,215804693,215810387,I.IMNTDK,3-212191792,3,215782315,,,3.89118078515264e-11,2.74840555686024e-11,2.74840555686024e-11,3.89118078515264e-11,upstream,22378
Zm00001eb041800,Zm00001eb041800,chr1,219883824,219887445,N.E,1-216747522,1,219876582,,,4.27419944936579e-11,7.73022016533462e-15,7.73022016533462e-15,4.27419944936579e-11,upstream,7242
Zm00001eb041810,Zm00001eb041810,chr1,219889363,219889629,N.E,1-216747522,1,219876582,,,4.27419944936579e-11,7.73022016533462e-15,7.73022016533462e-15,4.27419944936579e-11,upstream,12781
Zm00001eb108690,Zm00001eb108690,chr2,216914391,216945232,H.Total,2-210755195,2,216947637,,,4.52146238973171e-11,3.93459658047183e-14,3.93459658047183e-14,4.52146238973171e-11,downstream,2405
Zm00001eb164350,Zm00001eb164350,chr4,1033659,1036014,Q.Total,4-834837,4,1050251,,,5.19910447921403e-11,7.5537296537986e-17,7.5537296537986e-17,5.19910447921403e-11,downstream,14237
Zm00001eb164350,Zm00001eb164350,chr4,1033659,1036014,Q.EHPRQ,4-834837,4,1050251,,,1.01067831189081e-10,1.53373863528636e-11,1.53373863528636e-11,1.01067831189081e-10,downstream,14237
Zm00001eb405640,Zm00001eb405640,chr10,2322571,2327147,Q.Total,10-2766083,10,2346569,,,1.09755443869654e-10,6.97053265624608e-14,6.97053265624608e-14,1.09755443869654e-10,downstream,19422
Zm00001eb405650,Zm00001eb405650,chr10,2328347,2334069,Q.Total,10-2766083,10,2346569,,,1.09755443869654e-10,6.97053265624608e-14,6.97053265624608e-14,1.09755443869654e-10,downstream,12500
Zm00001eb095060,Zm00001eb095060,chr2,163006674,163007135,H.Total,2-159021684,2,163018934,,,4.7107382578701e-11,1.32522871243279e-10,4.7107382578701e-11,1.32522871243279e-10,downstream,11799
Zm00001eb157240,Zm00001eb157240,chr3,215778117,215778480,N.Total,3-212191792,3,215782315,,,3.05442877780894e-19,1.78757433985734e-10,3.05442877780894e-19,1.78757433985734e-10,downstream,3835
Zm00001eb157250,Zm00001eb157250,chr3,215804693,215810387,N.Total,3-212191792,3,215782315,,,3.05442877780894e-19,1.78757433985734e-10,3.05442877780894e-19,1.78757433985734e-10,upstream,22378
Zm00001eb109430,Zm00001eb109430,chr2,218445148,218446454,R.EHPRQ,2-212322724,2,218470553,,,1.23458900528298e-11,2.88292764090466e-10,1.23458900528298e-11,2.88292764090466e-10,downstream,24099
Zm00001eb109440,Zm00001eb109440,chr2,218451265,218455797,R.EHPRQ,2-212322724,2,218470553,,,1.23458900528298e-11,2.88292764090466e-10,1.23458900528298e-11,2.88292764090466e-10,downstream,14756
Zm00001eb109450,Zm00001eb109450,chr2,218458168,218459180,R.EHPRQ,2-212322724,2,218470553,,,1.23458900528298e-11,2.88292764090466e-10,1.23458900528298e-11,2.88292764090466e-10,downstream,11373
Zm00001eb109460,Zm00001eb109460,chr2,218458345,218458635,R.EHPRQ,2-212322724,2,218470553,,,1.23458900528298e-11,2.88292764090466e-10,1.23458900528298e-11,2.88292764090466e-10,downstream,11918
Zm00001eb103350,Zm00001eb103350,chr2,201509432,201514605,K.IMNTDK,2-195935106,2,201505766,,,3.67790567221881e-10,1.28058501603988e-11,1.28058501603988e-11,3.67790567221881e-10,upstream,3666
Zm00001eb103360,Zm00001eb103360,chr2,201514751,201515486,K.IMNTDK,2-195935106,2,201505766,,,3.67790567221881e-10,1.28058501603988e-11,1.28058501603988e-11,3.67790567221881e-10,upstream,8985
Zm00001eb041800,Zm00001eb041800,chr1,219883824,219887445,N,1-216747522,1,219876582,,,5.0068037660558e-10,1.87310972124059e-12,1.87310972124059e-12,5.0068037660558e-10,upstream,7242
Zm00001eb041810,Zm00001eb041810,chr1,219889363,219889629,N,1-216747522,1,219876582,,,5.0068037660558e-10,1.87310972124059e-12,1.87310972124059e-12,5.0068037660558e-10,upstream,12781
Zm00001eb021640,Zm00001eb021640,chr1,82369329,82370821,Total_N,1-80777231,1,82382090,,,1.15402973432981e-11,5.66789899969922e-10,1.15402973432981e-11,5.66789899969922e-10,downstream,11269
Zm00001eb021650,Zm00001eb021650,chr1,82375978,82377069,Total_N,1-80777231,1,82382090,,,1.15402973432981e-11,5.66789899969922e-10,1.15402973432981e-11,5.66789899969922e-10,downstream,5021
Zm00001eb021660,Zm00001eb021660,chr1,82377432,82377841,Total_N,1-80777231,1,82382090,,,1.15402973432981e-11,5.66789899969922e-10,1.15402973432981e-11,5.66789899969922e-10,downstream,4249
Zm00001eb021670,Zm00001eb021670,chr1,82379007,82381438,Total_N,1-80777231,1,82382090,,,1.15402973432981e-11,5.66789899969922e-10,1.15402973432981e-11,5.66789899969922e-10,downstream,652
Zm00001eb021700,Zm00001eb021700,chr1,82404649,82405664,Total_N,1-80777231,1,82382090,,,1.15402973432981e-11,5.66789899969922e-10,1.15402973432981e-11,5.66789899969922e-10,upstream,22559
Zm00001eb021690,Zm00001eb021690,chr1,82404649,82405736,Total_N,1-80777231,1,82382090,,,1.15402973432981e-11,5.66789899969922e-10,1.15402973432981e-11,5.66789899969922e-10,upstream,22559
Zm00001eb029060,Zm00001eb029060,chr1,156003811,156006415,S.Total,1-154143819,1,156006766,,,1.05685639801709e-09,2.38880861218856e-10,2.38880861218856e-10,1.05685639801709e-09,downstream,351
Zm00001eb350170,Zm00001eb350170,chr8,112431866,112432111,I.Total,8-109253461,8,112412901,,,4.62151753372745e-11,1.35748953577756e-09,4.62151753372745e-11,1.35748953577756e-09,upstream,18965
Zm00001eb393450,Zm00001eb393450,chr9,130359239,130360506,Total,9-128375467,9,130359852,,,1.44183109569456e-09,4.27630958452935e-11,4.27630958452935e-11,1.44183109569456e-09,within,0
Zm00001eb427960,Zm00001eb427960,chr10,137214761,137217464,N.Total,10-136042190,10,137223923,,,1.45677135149123e-09,1.1939390240652e-10,1.1939390240652e-10,1.45677135149123e-09,downstream,6459
Zm00001eb427970,Zm00001eb427970,chr10,137229874,137233357,N.Total,10-136042190,10,137223923,,,1.45677135149123e-09,1.1939390240652e-10,1.1939390240652e-10,1.45677135149123e-09,upstream,5951
Zm00001eb124780,Zm00001eb124780,chr3,19794268,19809842,IVL,3-20416441,3,19828782,,,8.5552155816962e-12,1.48511454737407e-09,8.5552155816962e-12,1.48511454737407e-09,downstream,18940
Zm00001eb124790,Zm00001eb124790,chr3,19816426,19832549,IVL,3-20416441,3,19828782,,,8.5552155816962e-12,1.48511454737407e-09,8.5552155816962e-12,1.48511454737407e-09,within,0
Zm00001eb129920,Zm00001eb129920,chr3,52164710,52191173,K.Total,3-52317420,3,52185775,,,1.97442013970596e-09,6.17245075344894e-10,6.17245075344894e-10,1.97442013970596e-09,within,0
Zm00001eb129930,Zm00001eb129930,chr3,52194389,52197808,K.Total,3-52317420,3,52185775,,,1.97442013970596e-09,6.17245075344894e-10,6.17245075344894e-10,1.97442013970596e-09,upstream,8614
Zm00001eb141460,Zm00001eb141460,chr3,153733233,153746572,C.Total,3-152358980,3,153710629,,,2.5368483835674e-09,1.21891544525724e-15,1.21891544525724e-15,2.5368483835674e-09,upstream,22604
Zm00001eb346720,Zm00001eb346720,chr8,89553728,89554009,R.EHPRQ,8-87289472,8,89569329,,,3.40606776392411e-09,9.4656011094822e-13,9.4656011094822e-13,3.40606776392411e-09,downstream,15320
Zm00001eb346740,Zm00001eb346740,chr8,89557364,89565221,R.EHPRQ,8-87289472,8,89569329,,,3.40606776392411e-09,9.4656011094822e-13,9.4656011094822e-13,3.40606776392411e-09,downstream,4108
Zm00001eb346750,Zm00001eb346750,chr8,89567205,89591241,R.EHPRQ,8-87289472,8,89569329,,,3.40606776392411e-09,9.4656011094822e-13,9.4656011094822e-13,3.40606776392411e-09,within,0
Zm00001eb064450,Zm00001eb064450,chr1,305028838,305031500,K.IMNTDK,1-299554935,1,305022388,,,4.43683986737974e-09,3.01105545609979e-09,3.01105545609979e-09,4.43683986737974e-09,upstream,6450
Zm00001eb300090,Zm00001eb300090,chr7,5645096,5652501,Total_PBAA,7-5322774,7,5653328,,,9.48498998184468e-13,5.11036649093495e-09,9.48498998184468e-13,5.11036649093495e-09,downstream,827
Zm00001eb300100,Zm00001eb300100,chr7,5653558,5658222,Total_PBAA,7-5322774,7,5653328,,,9.48498998184468e-13,5.11036649093495e-09,9.48498998184468e-13,5.11036649093495e-09,upstream,230
Zm00001eb018150,Zm00001eb018150,chr1,64820200,64823889,N,1-64008350,1,64841887,,,5.38812143111074e-09,1.32254632658718e-12,1.32254632658718e-12,5.38812143111074e-09,downstream,17998
Zm00001eb018170,Zm00001eb018170,chr1,64830884,64834361,N,1-64008350,1,64841887,,,5.38812143111074e-09,1.32254632658718e-12,1.32254632658718e-12,5.38812143111074e-09,downstream,7526
Zm00001eb417100,Zm00001eb417100,chr10,86505315,86525363,N.E,10-86489794,10,86519548,,,7.61204969719156e-09,7.5859088256791e-10,7.5859088256791e-10,7.61204969719156e-09,within,0
Zm00001eb257850,Zm00001eb257850,chr5,222113667,222115093,R.Total,5-216273624,5,222130074,,,7.98910492040125e-09,2.07514928492523e-17,2.07514928492523e-17,7.98910492040125e-09,downstream,14981
Zm00001eb257860,Zm00001eb257860,chr5,222120267,222124937,R.Total,5-216273624,5,222130074,,,7.98910492040125e-09,2.07514928492523e-17,2.07514928492523e-17,7.98910492040125e-09,downstream,5137
Zm00001eb257870,Zm00001eb257870,chr5,222123677,222124937,R.Total,5-216273624,5,222130074,,,7.98910492040125e-09,2.07514928492523e-17,2.07514928492523e-17,7.98910492040125e-09,downstream,5137
Zm00001eb257880,Zm00001eb257880,chr5,222135286,222139422,R.Total,5-216273624,5,222130074,,,7.98910492040125e-09,2.07514928492523e-17,2.07514928492523e-17,7.98910492040125e-09,upstream,5212
Zm00001eb257890,Zm00001eb257890,chr5,222145236,222153647,R.Total,5-216273624,5,222130074,,,7.98910492040125e-09,2.07514928492523e-17,2.07514928492523e-17,7.98910492040125e-09,upstream,15162
Zm00001eb358720,Zm00001eb358720,chr8,149280854,149289728,IMNTDK,8-144530447,8,149293282,,,9.23747698131054e-09,3.73551027532817e-09,3.73551027532817e-09,9.23747698131054e-09,downstream,3554
Zm00001eb358730,Zm00001eb358730,chr8,149290351,149290590,IMNTDK,8-144530447,8,149293282,,,9.23747698131054e-09,3.73551027532817e-09,3.73551027532817e-09,9.23747698131054e-09,downstream,2692
Zm00001eb346720,Zm00001eb346720,chr8,89553728,89554009,R.Total,8-87289472,8,89569329,,,9.76322631693205e-09,8.64753676938101e-09,8.64753676938101e-09,9.76322631693205e-09,downstream,15320
Zm00001eb346740,Zm00001eb346740,chr8,89557364,89565221,R.Total,8-87289472,8,89569329,,,9.76322631693205e-09,8.64753676938101e-09,8.64753676938101e-09,9.76322631693205e-09,downstream,4108
Zm00001eb346750,Zm00001eb346750,chr8,89567205,89591241,R.Total,8-87289472,8,89569329,,,9.76322631693205e-09,8.64753676938101e-09,8.64753676938101e-09,9.76322631693205e-09,within,0
Zm00001eb092270,Zm00001eb092270,chr2,145464669,145469853,R.Total,2-141327152,2,145490764,,,1.06276401795565e-08,6.38592733363375e-10,6.38592733363375e-10,1.06276401795565e-08,downstream,20911
Zm00001eb311020,Zm00001eb311020,chr7,103406551,103413101,T.Total,7-100272797,7,103382275,,,3.7641179721466e-10,1.11514304947414e-08,3.7641179721466e-10,1.11514304947414e-08,upstream,24276
Zm00001eb400680,Zm00001eb400680,chr9,154172175,154174605,Total,9-151248310,9,154169056,,,1.27518996921386e-08,1.05632379640825e-09,1.05632379640825e-09,1.27518996921386e-08,upstream,3119
Zm00001eb400690,Zm00001eb400690,chr9,154178269,154178663,Total,9-151248310,9,154169056,,,1.27518996921386e-08,1.05632379640825e-09,1.05632379640825e-09,1.27518996921386e-08,upstream,9213
Zm00001eb400700,Zm00001eb400700,chr9,154180679,154182940,Total,9-151248310,9,154169056,,,1.27518996921386e-08,1.05632379640825e-09,1.05632379640825e-09,1.27518996921386e-08,upstream,11623
Zm00001eb400710,Zm00001eb400710,chr9,154182983,154184078,Total,9-151248310,9,154169056,,,1.27518996921386e-08,1.05632379640825e-09,1.05632379640825e-09,1.27518996921386e-08,upstream,13927
Zm00001eb400720,Zm00001eb400720,chr9,154190652,154192059,Total,9-151248310,9,154169056,,,1.27518996921386e-08,1.05632379640825e-09,1.05632379640825e-09,1.27518996921386e-08,upstream,21596
Zm00001eb332950,Zm00001eb332950,chr8,3503382,3504923,IMNTDK,8-3298463,8,3529178,,,1.29648335840148e-08,3.41601486038038e-09,3.41601486038038e-09,1.29648335840148e-08,downstream,24255
Zm00001eb332960,Zm00001eb332960,chr8,3505015,3511701,IMNTDK,8-3298463,8,3529178,,,1.29648335840148e-08,3.41601486038038e-09,3.41601486038038e-09,1.29648335840148e-08,downstream,17477
Zm00001eb332970,Zm00001eb332970,chr8,3548389,3551595,IMNTDK,8-3298463,8,3529178,,,1.29648335840148e-08,3.41601486038038e-09,3.41601486038038e-09,1.29648335840148e-08,upstream,19211
Zm00001eb272440,Zm00001eb272440,chr6,94244147,94247096,S.Total,6-91799228,6,94236864,,,2.55510240358251e-09,1.32106354167666e-08,2.55510240358251e-09,1.32106354167666e-08,upstream,7283
Zm00001eb272450,Zm00001eb272450,chr6,94247646,94248610,S.Total,6-91799228,6,94236864,,,2.55510240358251e-09,1.32106354167666e-08,2.55510240358251e-09,1.32106354167666e-08,upstream,10782
Zm00001eb272460,Zm00001eb272460,chr6,94248322,94252300,S.Total,6-91799228,6,94236864,,,2.55510240358251e-09,1.32106354167666e-08,2.55510240358251e-09,1.32106354167666e-08,upstream,11458
Zm00001eb148190,Zm00001eb148190,chr3,185310483,185313706,N.IMNTDK,3-182468087,3,185330224,,,1.33967372897965e-08,1.54696580661611e-11,1.54696580661611e-11,1.33967372897965e-08,downstream,16518
Zm00001eb137290,Zm00001eb137290,chr3,132521531,132528944,K.IMNTDK,3-131958394,3,132539676,,,1.36231286976562e-14,1.65436664857526e-08,1.36231286976562e-14,1.65436664857526e-08,downstream,10732
Zm00001eb137300,Zm00001eb137300,chr3,132529154,132530297,K.IMNTDK,3-131958394,3,132539676,,,1.36231286976562e-14,1.65436664857526e-08,1.36231286976562e-14,1.65436664857526e-08,downstream,9379
Zm00001eb137310,Zm00001eb137310,chr3,132549804,132552156,K.IMNTDK,3-131958394,3,132539676,,,1.36231286976562e-14,1.65436664857526e-08,1.36231286976562e-14,1.65436664857526e-08,upstream,10128
Zm00001eb397660,Zm00001eb397660,chr9,145732282,145741978,Total,9-143296510,9,145764224,,,1.69181682724396e-08,8.37304854905307e-09,8.37304854905307e-09,1.69181682724396e-08,downstream,22246
Zm00001eb397670,Zm00001eb397670,chr9,145773286,145776634,Total,9-143296510,9,145764224,,,1.69181682724396e-08,8.37304854905307e-09,8.37304854905307e-09,1.69181682724396e-08,upstream,9062
Zm00001eb397680,Zm00001eb397680,chr9,145780598,145781122,Total,9-143296510,9,145764224,,,1.69181682724396e-08,8.37304854905307e-09,8.37304854905307e-09,1.69181682724396e-08,upstream,16374
Zm00001eb397690,Zm00001eb397690,chr9,145781411,145783048,Total,9-143296510,9,145764224,,,1.69181682724396e-08,8.37304854905307e-09,8.37304854905307e-09,1.69181682724396e-08,upstream,17187
Zm00001eb375300,Zm00001eb375300,chr9,16884697,16885074,R.Total,9-17121702,9,16860666,,,1.81170769148804e-08,1.285278751873e-12,1.285278751873e-12,1.81170769148804e-08,upstream,24031
Zm00001eb375310,Zm00001eb375310,chr9,16885192,16885584,R.Total,9-17121702,9,16860666,,,1.81170769148804e-08,1.285278751873e-12,1.285278751873e-12,1.81170769148804e-08,upstream,24526
Zm00001eb287980,Zm00001eb287980,chr6,157782186,157785573,Q,6-153817626,6,157804658,,,1.89504895675717e-08,2.53753151979773e-13,2.53753151979773e-13,1.89504895675717e-08,downstream,19085
Zm00001eb070400,Zm00001eb070400,chr2,9565132,9579223,N.Total,2-9419791,2,9591672,,,1.93168127100469e-08,1.60343758863809e-09,1.60343758863809e-09,1.93168127100469e-08,downstream,12449
Zm00001eb070410,Zm00001eb070410,chr2,9580444,9585378,N.Total,2-9419791,2,9591672,,,1.93168127100469e-08,1.60343758863809e-09,1.60343758863809e-09,1.93168127100469e-08,downstream,6294
Zm00001eb070420,Zm00001eb070420,chr2,9583582,9584688,N.Total,2-9419791,2,9591672,,,1.93168127100469e-08,1.60343758863809e-09,1.60343758863809e-09,1.93168127100469e-08,downstream,6984
Zm00001eb277110,Zm00001eb277110,chr6,113822769,113844705,N.D,6-109339521,6,113840506,,,2.01741069124028e-08,5.79025310036528e-09,5.79025310036528e-09,2.01741069124028e-08,within,0
Zm00001eb277130,Zm00001eb277130,chr6,113850492,113852776,N.D,6-109339521,6,113840506,,,2.01741069124028e-08,5.79025310036528e-09,5.79025310036528e-09,2.01741069124028e-08,upstream,9986
Zm00001eb277140,Zm00001eb277140,chr6,113861423,113862944,N.D,6-109339521,6,113840506,,,2.01741069124028e-08,5.79025310036528e-09,5.79025310036528e-09,2.01741069124028e-08,upstream,20917
Zm00001eb277150,Zm00001eb277150,chr6,113864155,113888062,N.D,6-109339521,6,113840506,,,2.01741069124028e-08,5.79025310036528e-09,5.79025310036528e-09,2.01741069124028e-08,upstream,23649
Zm00001eb277160,Zm00001eb277160,chr6,113864229,113893982,N.D,6-109339521,6,113840506,,,2.01741069124028e-08,5.79025310036528e-09,5.79025310036528e-09,2.01741069124028e-08,upstream,23723
Zm00001eb183200,Zm00001eb183200,chr4,130897756,130913564,N.IMNTDK,4-127884960,4,130890670,,,2.1311413358556e-08,6.45162648744065e-09,6.45162648744065e-09,2.1311413358556e-08,upstream,7086
Zm00001eb245720,Zm00001eb245720,chr5,182797262,182800116,EHPRQ,5-178784901,5,182805559,,,2.1580933252845e-08,1.98717748565459e-09,1.98717748565459e-09,2.1580933252845e-08,downstream,5443
Zm00001eb245730,Zm00001eb245730,chr5,182800555,182815819,EHPRQ,5-178784901,5,182805559,,,2.1580933252845e-08,1.98717748565459e-09,1.98717748565459e-09,2.1580933252845e-08,within,0
Zm00001eb207070,Zm00001eb207070,chr4,244285332,244303111,I.Total,4-239429245,4,244309256,,,2.32280915705099e-08,4.44989281839813e-14,4.44989281839813e-14,2.32280915705099e-08,downstream,6145
Zm00001eb207080,Zm00001eb207080,chr4,244316238,244320989,I.Total,4-239429245,4,244309256,,,2.32280915705099e-08,4.44989281839813e-14,4.44989281839813e-14,2.32280915705099e-08,upstream,6982
Zm00001eb207090,Zm00001eb207090,chr4,244325976,244331353,I.Total,4-239429245,4,244309256,,,2.32280915705099e-08,4.44989281839813e-14,4.44989281839813e-14,2.32280915705099e-08,upstream,16720
Zm00001eb234050,Zm00001eb234050,chr5,93913297,93920887,Total,5-91628660,5,93936266,,,2.6427934875744e-08,1.1417389073045e-10,1.1417389073045e-10,2.6427934875744e-08,downstream,15379
Zm00001eb234060,Zm00001eb234060,chr5,93920985,93938233,Total,5-91628660,5,93936266,,,2.6427934875744e-08,1.1417389073045e-10,1.1417389073045e-10,2.6427934875744e-08,within,0
Zm00001eb200900,Zm00001eb200900,chr4,210801874,210807631,Q,4-206431958,4,210795998,,,2.65440236169602e-08,1.54016092795096e-18,1.54016092795096e-18,2.65440236169602e-08,upstream,5876
Zm00001eb338340,Zm00001eb338340,chr8,24716703,24719147,K.IMNTDK,8-23969168,8,24735314,,,1.09022492119748e-08,2.95182665605691e-08,1.09022492119748e-08,2.95182665605691e-08,downstream,16167
Zm00001eb338350,Zm00001eb338350,chr8,24716866,24719255,K.IMNTDK,8-23969168,8,24735314,,,1.09022492119748e-08,2.95182665605691e-08,1.09022492119748e-08,2.95182665605691e-08,downstream,16059
Zm00001eb193350,Zm00001eb193350,chr4,182602154,182602999,S.Total,4-179692257,4,182613275,,,3.85978742287645e-08,2.35496187663143e-11,2.35496187663143e-11,3.85978742287645e-08,downstream,10276
Zm00001eb193360,Zm00001eb193360,chr4,182624805,182627090,S.Total,4-179692257,4,182613275,,,3.85978742287645e-08,2.35496187663143e-11,2.35496187663143e-11,3.85978742287645e-08,upstream,11530
Zm00001eb153490,Zm00001eb153490,chr3,203832497,203849495,SGC,3-200022816,3,203835845,,,3.93666915809206e-08,2.94721204834098e-09,2.94721204834098e-09,3.93666915809206e-08,within,0
Zm00001eb124710,Zm00001eb124710,chr3,19293205,19321779,LAV,3-19934463,3,19337556,,,4.08076555591545e-08,1.19560298183343e-10,1.19560298183343e-10,4.08076555591545e-08,downstream,15777
Zm00001eb327440,Zm00001eb327440,chr7,174568553,174569176,C.Total,7-169034756,7,174560171,,,4.10846806755161e-08,9.3804768968473e-12,9.3804768968473e-12,4.10846806755161e-08,upstream,8382
Zm00001eb327450,Zm00001eb327450,chr7,174581159,174583649,C.Total,7-169034756,7,174560171,,,4.10846806755161e-08,9.3804768968473e-12,9.3804768968473e-12,4.10846806755161e-08,upstream,20988
Zm00001eb214460,Zm00001eb214460,chr5,7021841,7022304,N.Total,5-6851962,5,7047181,,,4.4333670959784e-08,8.33384462284138e-12,8.33384462284138e-12,4.4333670959784e-08,downstream,24877
Zm00001eb214470,Zm00001eb214470,chr5,7022712,7024750,N.Total,5-6851962,5,7047181,,,4.4333670959784e-08,8.33384462284138e-12,8.33384462284138e-12,4.4333670959784e-08,downstream,22431
Zm00001eb214480,Zm00001eb214480,chr5,7027114,7030775,N.Total,5-6851962,5,7047181,,,4.4333670959784e-08,8.33384462284138e-12,8.33384462284138e-12,4.4333670959784e-08,downstream,16406
Zm00001eb214490,Zm00001eb214490,chr5,7036578,7039527,N.Total,5-6851962,5,7047181,,,4.4333670959784e-08,8.33384462284138e-12,8.33384462284138e-12,4.4333670959784e-08,downstream,7654
Zm00001eb214500,Zm00001eb214500,chr5,7042486,7046073,N.Total,5-6851962,5,7047181,,,4.4333670959784e-08,8.33384462284138e-12,8.33384462284138e-12,4.4333670959784e-08,downstream,1108
Zm00001eb214510,Zm00001eb214510,chr5,7048706,7052179,N.Total,5-6851962,5,7047181,,,4.4333670959784e-08,8.33384462284138e-12,8.33384462284138e-12,4.4333670959784e-08,upstream,1525
Zm00001eb039000,Zm00001eb039000,chr1,208222307,208225640,IMNTDK,1-205460949,1,208247035,,,1.08923354231132e-11,4.99731297048365e-08,1.08923354231132e-11,4.99731297048365e-08,downstream,21395
Zm00001eb325760,Zm00001eb325760,chr7,170359555,170370301,N.Total,7-164870102,7,170387368,,,5.29879068823506e-08,3.3923462589966e-09,3.3923462589966e-09,5.29879068823506e-08,downstream,17067
Zm00001eb043060,Zm00001eb043060,chr1,227406373,227410137,M.IMNTDK,1-223855213,1,227393125,,,5.85093371120878e-08,3.12765889574024e-16,3.12765889574024e-16,5.85093371120878e-08,upstream,13248
Zm00001eb043070,Zm00001eb043070,chr1,227412712,227417072,M.IMNTDK,1-223855213,1,227393125,,,5.85093371120878e-08,3.12765889574024e-16,3.12765889574024e-16,5.85093371120878e-08,upstream,19587
Zm00001eb218710,Zm00001eb218710,chr5,17855941,17872567,N.E,5-17993326,5,17877202,,,1.60435344514983e-09,5.87130550757603e-08,1.60435344514983e-09,5.87130550757603e-08,downstream,4635
Zm00001eb272910,Zm00001eb272910,chr6,96159886,96161525,K.IMNTDK,3-100270156,6,96166828,,,2.11071252496512e-10,6.7903799579979e-08,2.11071252496512e-10,6.7903799579979e-08,downstream,5303
Zm00001eb269220,Zm00001eb269220,chr6,70861477,70862531,N.E,6-68111008,6,70878267,,,6.90314987892815e-08,3.10948342083183e-10,3.10948342083183e-10,6.90314987892815e-08,downstream,15736
Zm00001eb269230,Zm00001eb269230,chr6,70874340,70876174,N.E,6-68111008,6,70878267,,,6.90314987892815e-08,3.10948342083183e-10,3.10948342083183e-10,6.90314987892815e-08,downstream,2093
Zm00001eb267020,Zm00001eb267020,chr6,47244066,47247744,A.Total,6-45701582,6,47243097,,,7.36142206332463e-08,1.59661537232443e-08,1.59661537232443e-08,7.36142206332463e-08,upstream,969
Zm00001eb132270,Zm00001eb132270,chr3,80167994,80168659,SGC,3-79867117,3,80144205,,,1.39191996219442e-09,7.47874781760188e-08,1.39191996219442e-09,7.47874781760188e-08,upstream,23789
Zm00001eb234030,Zm00001eb234030,chr5,93681143,93713717,EHPRQ,5-91400790,5,93697681,,,9.84689385152533e-08,9.30364644673673e-08,9.30364644673673e-08,9.84689385152533e-08,within,0
Zm00001eb310730,Zm00001eb310730,chr7,100641326,100649743,Total_PBAA,7-97612881,7,100626324,,,9.24691274202893e-08,1.03123606182967e-07,9.24691274202893e-08,1.03123606182967e-07,upstream,15002
Zm00001eb200900,Zm00001eb200900,chr4,210801874,210807631,SGC,4-206434582,4,210798622,,,1.4845764550393e-08,1.06218357009662e-07,1.4845764550393e-08,1.06218357009662e-07,upstream,3252
Zm00001eb077160,Zm00001eb077160,chr2,29456936,29458055,I.IMNTDK,2-28679785,2,29470044,,,1.07194365977888e-07,3.32578690610392e-13,3.32578690610392e-13,1.07194365977888e-07,downstream,11989
Zm00001eb077170,Zm00001eb077170,chr2,29481074,29481902,I.IMNTDK,2-28679785,2,29470044,,,1.07194365977888e-07,3.32578690610392e-13,3.32578690610392e-13,1.07194365977888e-07,upstream,11030
Zm00001eb077180,Zm00001eb077180,chr2,29494265,29501176,I.IMNTDK,2-28679785,2,29470044,,,1.07194365977888e-07,3.32578690610392e-13,3.32578690610392e-13,1.07194365977888e-07,upstream,24221
Zm00001eb425750,Zm00001eb425750,chr10,130396652,130402454,LAV,10-129288568,10,130414444,,,1.28650886438713e-07,3.37972832983696e-12,3.37972832983696e-12,1.28650886438713e-07,downstream,11990
Zm00001eb301420,Zm00001eb301420,chr7,10450085,10454144,S.SGC,7-10168824,7,10455915,1.30098115481125e-07,,2.26566466966065e-09,,2.26566466966065e-09,1.30098115481125e-07,downstream,1771
Zm00001eb326020,Zm00001eb326020,chr7,170959319,170962033,L,7-165424846,7,170975152,1.3303013374001e-07,,1.52403037581476e-10,4.54444025596522e-13,4.54444025596522e-13,1.3303013374001e-07,downstream,13119
Zm00001eb326030,Zm00001eb326030,chr7,170976779,170980854,L,7-165424846,7,170975152,1.3303013374001e-07,,1.52403037581476e-10,4.54444025596522e-13,4.54444025596522e-13,1.3303013374001e-07,upstream,1627
Zm00001eb060140,Zm00001eb060140,chr1,292931067,292935623,N.D,1-287792927,1,292912004,,,3.21908027009655e-08,1.34662855983963e-07,3.21908027009655e-08,1.34662855983963e-07,upstream,19063
Zm00001eb332270,Zm00001eb332270,chr8,910114,910987,R.Total,8-775259,8,910043,,,1.69426685071138e-08,1.35461005056194e-07,1.69426685071138e-08,1.35461005056194e-07,upstream,71
Zm00001eb332280,Zm00001eb332280,chr8,916430,923390,R.Total,8-775259,8,910043,,,1.69426685071138e-08,1.35461005056194e-07,1.69426685071138e-08,1.35461005056194e-07,upstream,6387
Zm00001eb332290,Zm00001eb332290,chr8,923884,927735,R.Total,8-775259,8,910043,,,1.69426685071138e-08,1.35461005056194e-07,1.69426685071138e-08,1.35461005056194e-07,upstream,13841
Zm00001eb397430,Zm00001eb397430,chr9,145054538,145062723,W.Total,9-142706664,9,145065471,,,3.00517141977892e-10,1.5346905736048e-07,3.00517141977892e-10,1.5346905736048e-07,downstream,2748
Zm00001eb397440,Zm00001eb397440,chr9,145063866,145065920,W.Total,9-142706664,9,145065471,,,3.00517141977892e-10,1.5346905736048e-07,3.00517141977892e-10,1.5346905736048e-07,within,0
Zm00001eb153500,Zm00001eb153500,chr3,203931338,203944340,C.Total,3-199905640,3,203953170,,,1.55066914629494e-07,1.07863115512822e-13,1.07863115512822e-13,1.55066914629494e-07,downstream,8830
Zm00001eb153510,Zm00001eb153510,chr3,203969930,203972076,C.Total,3-199905640,3,203953170,,,1.55066914629494e-07,1.07863115512822e-13,1.07863115512822e-13,1.55066914629494e-07,upstream,16760
Zm00001eb257910,Zm00001eb257910,chr5,222310139,222315127,M,5-216467557,5,222330803,1.44399418895821e-07,,8.45235619964612e-09,1.66504361090336e-07,8.45235619964612e-09,1.66504361090336e-07,downstream,15676
Zm00001eb257920,Zm00001eb257920,chr5,222321057,222323423,M,5-216467557,5,222330803,1.44399418895821e-07,,8.45235619964612e-09,1.66504361090336e-07,8.45235619964612e-09,1.66504361090336e-07,downstream,7380
Zm00001eb257930,Zm00001eb257930,chr5,222350434,222353154,M,5-216467557,5,222330803,1.44399418895821e-07,,8.45235619964612e-09,1.66504361090336e-07,8.45235619964612e-09,1.66504361090336e-07,upstream,19631
Zm00001eb215700,Zm00001eb215700,chr5,9991095,9992055,D.Total,5-9663930,5,10010988,1.6717293449306e-07,,6.22621053825085e-13,2.15888950801518e-11,6.22621053825085e-13,1.6717293449306e-07,downstream,18933
Zm00001eb215710,Zm00001eb215710,chr5,9999369,10002552,D.Total,5-9663930,5,10010988,1.6717293449306e-07,,6.22621053825085e-13,2.15888950801518e-11,6.22621053825085e-13,1.6717293449306e-07,downstream,8436
Zm00001eb247140,Zm00001eb247140,chr5,188132530,188137198,N.Q,5-183533475,5,188141540,,,4.29346144609239e-09,1.70036763734554e-07,4.29346144609239e-09,1.70036763734554e-07,downstream,4342
Zm00001eb247150,Zm00001eb247150,chr5,188154817,188161165,N.Q,5-183533475,5,188141540,,,4.29346144609239e-09,1.70036763734554e-07,4.29346144609239e-09,1.70036763734554e-07,upstream,13277
Zm00001eb010330,Zm00001eb010330,chr1,32624615,32642850,N.E,1-32351582,1,32636168,,,1.71400145680908e-07,1.65308313214016e-08,1.65308313214016e-08,1.71400145680908e-07,within,0
Zm00001eb041900,Zm00001eb041900,chr1,220650918,220653745,G.Total,1-217508808,1,220646601,,,1.81960981221409e-07,4.13390261936016e-08,4.13390261936016e-08,1.81960981221409e-07,upstream,4317
Zm00001eb397240,Zm00001eb397240,chr9,144681430,144689824,WFY,9-142245664,9,144673617,,,1.884673109892e-07,5.22277813277377e-16,5.22277813277377e-16,1.884673109892e-07,upstream,7813
Zm00001eb397250,Zm00001eb397250,chr9,144689979,144701899,WFY,9-142245664,9,144673617,,,1.884673109892e-07,5.22277813277377e-16,5.22277813277377e-16,1.884673109892e-07,upstream,16362
Zm00001eb062000,Zm00001eb062000,chr1,298408180,298424189,Q,1-292956411,1,298412139,,,1.9351673248956e-07,6.64746337776011e-13,6.64746337776011e-13,1.9351673248956e-07,within,0
Zm00001eb279380,Zm00001eb279380,chr6,122762448,122764350,S.Total,6-118935258,6,122753033,,,2.03048891828424e-07,3.59185752688657e-08,3.59185752688657e-08,2.03048891828424e-07,upstream,9415
Zm00001eb279400,Zm00001eb279400,chr6,122766889,122769319,S.Total,6-118935258,6,122753033,,,2.03048891828424e-07,3.59185752688657e-08,3.59185752688657e-08,2.03048891828424e-07,upstream,13856
Zm00001eb279410,Zm00001eb279410,chr6,122769482,122771349,S.Total,6-118935258,6,122753033,,,2.03048891828424e-07,3.59185752688657e-08,3.59185752688657e-08,2.03048891828424e-07,upstream,16449
Zm00001eb301420,Zm00001eb301420,chr7,10450085,10454144,G.SGC,7-10168824,7,10455915,2.06551009051711e-07,,1.9298642870459e-09,,1.9298642870459e-09,2.06551009051711e-07,downstream,1771
Zm00001eb253350,Zm00001eb253350,chr5,212575059,212580709,W.Total,5-206978748,5,212586390,,,2.23684512886377e-10,2.09819653858136e-07,2.23684512886377e-10,2.09819653858136e-07,downstream,5681
Zm00001eb253360,Zm00001eb253360,chr5,212590545,212591298,W.Total,5-206978748,5,212586390,,,2.23684512886377e-10,2.09819653858136e-07,2.23684512886377e-10,2.09819653858136e-07,upstream,4155
Zm00001eb253370,Zm00001eb253370,chr5,212606440,212607463,W.Total,5-206978748,5,212586390,,,2.23684512886377e-10,2.09819653858136e-07,2.23684512886377e-10,2.09819653858136e-07,upstream,20050
Zm00001eb277110,Zm00001eb277110,chr6,113822769,113844705,N.Total,6-109339521,6,113840506,,,6.95614186225216e-09,2.12883590319276e-07,6.95614186225216e-09,2.12883590319276e-07,within,0
Zm00001eb277130,Zm00001eb277130,chr6,113850492,113852776,N.Total,6-109339521,6,113840506,,,6.95614186225216e-09,2.12883590319276e-07,6.95614186225216e-09,2.12883590319276e-07,upstream,9986
Zm00001eb277140,Zm00001eb277140,chr6,113861423,113862944,N.Total,6-109339521,6,113840506,,,6.95614186225216e-09,2.12883590319276e-07,6.95614186225216e-09,2.12883590319276e-07,upstream,20917
Zm00001eb277150,Zm00001eb277150,chr6,113864155,113888062,N.Total,6-109339521,6,113840506,,,6.95614186225216e-09,2.12883590319276e-07,6.95614186225216e-09,2.12883590319276e-07,upstream,23649
Zm00001eb277160,Zm00001eb277160,chr6,113864229,113893982,N.Total,6-109339521,6,113840506,,,6.95614186225216e-09,2.12883590319276e-07,6.95614186225216e-09,2.12883590319276e-07,upstream,23723
Zm00001eb413890,Zm00001eb413890,chr10,66245954,66259829,WFY,10-67014781,10,66252635,,,2.2389131154634e-07,1.18304203794588e-12,1.18304203794588e-12,2.2389131154634e-07,within,0
